Transmision_Autom√°tica,Transmision_Manual
1.0,0.0
1.0,0.0
1.0,0.0
1.0,0.0
0.0,1.0
1.0,0.0
1.0,0.0
1.0,0.0
0.0,1.0
0.0,1.0
0.0,1.0
0.0,1.0
1.0,0.0
1.0,0.0
1.0,0.0
1.0,0.0
1.0,0.0
1.0,0.0
0.0,1.0
1.0,0.0
1.0,0.0
0.0,1.0
0.0,1.0
1.0,0.0
1.0,0.0
1.0,0.0
1.0,0.0
1.0,0.0
0.0,1.0
0.0,1.0
0.0,1.0
0.0,1.0
1.0,0.0
1.0,0.0
1.0,0.0
1.0,0.0
1.0,0.0
0.0,1.0
0.0,1.0
1.0,0.0
1.0,0.0
1.0,0.0
0.0,1.0
1.0,0.0
0.0,1.0
0.0,1.0
1.0,0.0
0.0,1.0
0.0,1.0
1.0,0.0
1.0,0.0
0.0,1.0
1.0,0.0
0.0,1.0
1.0,0.0
1.0,0.0
0.0,1.0
0.0,1.0
1.0,0.0
1.0,0.0
0.0,1.0
0.0,1.0
0.0,1.0
1.0,0.0
0.0,1.0
1.0,0.0
1.0,0.0
1.0,0.0
0.0,1.0
0.0,1.0
1.0,0.0
1.0,0.0
0.0,1.0
0.0,1.0
1.0,0.0
1.0,0.0
1.0,0.0
1.0,0.0
0.0,1.0
0.0,1.0
1.0,0.0
1.0,0.0
1.0,0.0
0.0,1.0
1.0,0.0
1.0,0.0
1.0,0.0
0.0,1.0
1.0,0.0
1.0,0.0
1.0,0.0
0.0,1.0
0.0,1.0
1.0,0.0
1.0,0.0
1.0,0.0
1.0,0.0
1.0,0.0
1.0,0.0
0.0,1.0
0.0,1.0
0.0,1.0
0.0,1.0
0.0,1.0
0.0,1.0
1.0,0.0
1.0,0.0
0.0,1.0
1.0,0.0
1.0,0.0
0.0,1.0
0.0,1.0
1.0,0.0
0.0,1.0
0.0,1.0
0.0,1.0
1.0,0.0
1.0,0.0
0.0,1.0
1.0,0.0
1.0,0.0
0.0,1.0
0.0,1.0
1.0,0.0
1.0,0.0
1.0,0.0
0.0,1.0
1.0,0.0
1.0,0.0
0.0,1.0
1.0,0.0
0.0,1.0
0.0,1.0
1.0,0.0
1.0,0.0
0.0,1.0
0.0,1.0
0.0,1.0
0.0,1.0
1.0,0.0
0.0,1.0
0.0,1.0
0.0,1.0
0.0,1.0
0.0,1.0
1.0,0.0
1.0,0.0
0.0,1.0
0.0,1.0
1.0,0.0
1.0,0.0
0.0,1.0
0.0,1.0
0.0,1.0
0.0,1.0
1.0,0.0
0.0,1.0
1.0,0.0
1.0,0.0
1.0,0.0
0.0,1.0
1.0,0.0
1.0,0.0
0.0,1.0
1.0,0.0
0.0,1.0
1.0,0.0
0.0,1.0
0.0,1.0
0.0,1.0
0.0,1.0
0.0,1.0
1.0,0.0
0.0,1.0
0.0,1.0
0.0,1.0
0.0,1.0
0.0,1.0
0.0,1.0
0.0,1.0
0.0,1.0
0.0,1.0
1.0,0.0
0.0,1.0
1.0,0.0
0.0,1.0
1.0,0.0
0.0,1.0
0.0,1.0
1.0,0.0
1.0,0.0
0.0,1.0
0.0,1.0
1.0,0.0
1.0,0.0
1.0,0.0
1.0,0.0
0.0,1.0
0.0,1.0
1.0,0.0
0.0,1.0
0.0,1.0
1.0,0.0
0.0,1.0
1.0,0.0
1.0,0.0
1.0,0.0
0.0,1.0
1.0,0.0
0.0,1.0
1.0,0.0
0.0,1.0
1.0,0.0
0.0,1.0
0.0,1.0
0.0,1.0
0.0,1.0
0.0,1.0
1.0,0.0
0.0,1.0
0.0,1.0
0.0,1.0
0.0,1.0
1.0,0.0
1.0,0.0
1.0,0.0
1.0,0.0
0.0,1.0
0.0,1.0
1.0,0.0
1.0,0.0
0.0,1.0
1.0,0.0
0.0,1.0
1.0,0.0
0.0,1.0
1.0,0.0
1.0,0.0
1.0,0.0
1.0,0.0
1.0,0.0
0.0,1.0
1.0,0.0
1.0,0.0
0.0,1.0
0.0,1.0
1.0,0.0
0.0,1.0
0.0,1.0
1.0,0.0
1.0,0.0
0.0,1.0
1.0,0.0
1.0,0.0
1.0,0.0
0.0,1.0
0.0,1.0
0.0,1.0
0.0,1.0
0.0,1.0
0.0,1.0
0.0,1.0
1.0,0.0
0.0,1.0
0.0,1.0
0.0,1.0
1.0,0.0
0.0,1.0
0.0,1.0
0.0,1.0
1.0,0.0
0.0,1.0
1.0,0.0
0.0,1.0
0.0,1.0
0.0,1.0
0.0,1.0
0.0,1.0
1.0,0.0
1.0,0.0
1.0,0.0
1.0,0.0
1.0,0.0
0.0,1.0
0.0,1.0
1.0,0.0
0.0,1.0
1.0,0.0
1.0,0.0
0.0,1.0
1.0,0.0
0.0,1.0
0.0,1.0
1.0,0.0
0.0,1.0
0.0,1.0
1.0,0.0
1.0,0.0
0.0,1.0
1.0,0.0
0.0,1.0
0.0,1.0
0.0,1.0
1.0,0.0
1.0,0.0
1.0,0.0
0.0,1.0
1.0,0.0
0.0,1.0
1.0,0.0
1.0,0.0
0.0,1.0
1.0,0.0
1.0,0.0
0.0,1.0
1.0,0.0
0.0,1.0
1.0,0.0
0.0,1.0
1.0,0.0
1.0,0.0
0.0,1.0
1.0,0.0
1.0,0.0
1.0,0.0
0.0,1.0
0.0,1.0
0.0,1.0
1.0,0.0
0.0,1.0
1.0,0.0
0.0,1.0
1.0,0.0
0.0,1.0
0.0,1.0
1.0,0.0
1.0,0.0
1.0,0.0
0.0,1.0
0.0,1.0
0.0,1.0
0.0,1.0
1.0,0.0
1.0,0.0
0.0,1.0
1.0,0.0
0.0,1.0
0.0,1.0
0.0,1.0
0.0,1.0
1.0,0.0
0.0,1.0
1.0,0.0
0.0,1.0
1.0,0.0
1.0,0.0
0.0,1.0
1.0,0.0
0.0,1.0
0.0,1.0
1.0,0.0
1.0,0.0
0.0,1.0
1.0,0.0
1.0,0.0
1.0,0.0
1.0,0.0
0.0,1.0
1.0,0.0
0.0,1.0
1.0,0.0
1.0,0.0
1.0,0.0
1.0,0.0
1.0,0.0
1.0,0.0
1.0,0.0
0.0,1.0
1.0,0.0
0.0,1.0
0.0,1.0
1.0,0.0
0.0,1.0
0.0,1.0
0.0,1.0
0.0,1.0
0.0,1.0
0.0,1.0
0.0,1.0
0.0,1.0
0.0,1.0
1.0,0.0
1.0,0.0
1.0,0.0
0.0,1.0
0.0,1.0
0.0,1.0
0.0,1.0
0.0,1.0
0.0,1.0
0.0,1.0
0.0,1.0
1.0,0.0
0.0,1.0
1.0,0.0
0.0,1.0
1.0,0.0
0.0,1.0
1.0,0.0
1.0,0.0
1.0,0.0
1.0,0.0
1.0,0.0
1.0,0.0
0.0,1.0
1.0,0.0
1.0,0.0
0.0,1.0
0.0,1.0
1.0,0.0
0.0,1.0
0.0,1.0
1.0,0.0
1.0,0.0
0.0,1.0
1.0,0.0
0.0,1.0
0.0,1.0
1.0,0.0
1.0,0.0
0.0,1.0
0.0,1.0
0.0,1.0
0.0,1.0
1.0,0.0
0.0,1.0
1.0,0.0
1.0,0.0
1.0,0.0
1.0,0.0
0.0,1.0
0.0,1.0
0.0,1.0
0.0,1.0
0.0,1.0
1.0,0.0
0.0,1.0
0.0,1.0
1.0,0.0
0.0,1.0
1.0,0.0
1.0,0.0
1.0,0.0
0.0,1.0
0.0,1.0
1.0,0.0
0.0,1.0
0.0,1.0
1.0,0.0
0.0,1.0
0.0,1.0
0.0,1.0
0.0,1.0
0.0,1.0
0.0,1.0
0.0,1.0
1.0,0.0
1.0,0.0
0.0,1.0
1.0,0.0
0.0,1.0
0.0,1.0
0.0,1.0
0.0,1.0
1.0,0.0
0.0,1.0
1.0,0.0
1.0,0.0
1.0,0.0
1.0,0.0
0.0,1.0
1.0,0.0
0.0,1.0
0.0,1.0
0.0,1.0
1.0,0.0
1.0,0.0
0.0,1.0
0.0,1.0
1.0,0.0
0.0,1.0
0.0,1.0
1.0,0.0
0.0,1.0
0.0,1.0
0.0,1.0
1.0,0.0
0.0,1.0
0.0,1.0
0.0,1.0
