Marca_Audi,Marca_BMW,Marca_Mercedes,Marca_Opel,Marca_Porsche,Marca_Volkswagen,Modelo_3 Series,Modelo_5 Series,Modelo_A3,Modelo_A4,Modelo_Astra,Modelo_C-Class,Modelo_Cayenne,Modelo_Corsa,Modelo_E-Class,Modelo_GLA,Modelo_GLE,Modelo_Golf,Modelo_Insignia,Modelo_Macan,Modelo_Panamera,Modelo_Passat,Modelo_Polo,Modelo_Q5,Modelo_Q7,Modelo_Tiguan,Modelo_X3,Modelo_X5,Año,Antigüedad,Kilometraje,Categoria_Kilometraje,Tipo_Combustible_Diésel,Tipo_Combustible_Eléctrico,Tipo_Combustible_Gasolina,Tipo_Combustible_Híbrido,Consumo_Combustible_L_100km,Potencia_HP,Transmision_Automática,Transmision_Manual,Ciudad,Precio_Venta
1.0,0.0,0.0,0.0,0.0,0.0,0.0,0.0,0.0,0.0,0.0,0.0,0.0,0.0,0.0,0.0,0.0,0.0,0.0,0.0,0.0,0.0,0.0,0.0,1.0,0.0,0.0,0.0,2006,18,260886,Alto,1.0,0.0,0.0,0.0,9.5,213,1.0,0.0,Cologne,12063.27
0.0,0.0,0.0,1.0,0.0,0.0,0.0,0.0,0.0,0.0,0.0,0.0,0.0,1.0,0.0,0.0,0.0,0.0,0.0,0.0,0.0,0.0,0.0,0.0,0.0,0.0,0.0,0.0,2015,9,72505,Bajo,0.0,0.0,0.0,1.0,6.5,335,1.0,0.0,Berlin,33890.58
0.0,0.0,1.0,0.0,0.0,0.0,0.0,0.0,0.0,0.0,0.0,1.0,0.0,0.0,0.0,0.0,0.0,0.0,0.0,0.0,0.0,0.0,0.0,0.0,0.0,0.0,0.0,0.0,2007,17,125356,Medio,0.0,1.0,0.0,0.0,9.9,445,1.0,0.0,Berlin,92639.12
0.0,0.0,0.0,0.0,0.0,1.0,0.0,0.0,0.0,0.0,0.0,0.0,0.0,0.0,0.0,0.0,0.0,0.0,0.0,0.0,0.0,0.0,1.0,0.0,0.0,0.0,0.0,0.0,2009,15,130867,Medio,0.0,1.0,0.0,0.0,4.1,165,1.0,0.0,Munich,88003.5
0.0,0.0,0.0,1.0,0.0,0.0,0.0,0.0,0.0,0.0,1.0,0.0,0.0,0.0,0.0,0.0,0.0,0.0,0.0,0.0,0.0,0.0,0.0,0.0,0.0,0.0,0.0,0.0,2022,2,57482,Bajo,0.0,1.0,0.0,0.0,5.2,145,0.0,1.0,Hamburg,26028.97
0.0,0.0,0.0,0.0,0.0,1.0,0.0,0.0,0.0,0.0,0.0,0.0,0.0,0.0,0.0,0.0,0.0,0.0,0.0,0.0,0.0,0.0,0.0,0.0,0.0,1.0,0.0,0.0,2011,13,107269,Medio,0.0,1.0,0.0,0.0,10.1,449,1.0,0.0,Berlin,15308.15
0.0,1.0,0.0,0.0,0.0,0.0,0.0,0.0,0.0,0.0,0.0,0.0,0.0,0.0,0.0,0.0,0.0,0.0,0.0,0.0,0.0,0.0,0.0,0.0,0.0,0.0,1.0,0.0,2012,12,121481,Medio,0.0,0.0,1.0,0.0,10.8,456,1.0,0.0,Hamburg,44140.68
0.0,1.0,0.0,0.0,0.0,0.0,0.0,1.0,0.0,0.0,0.0,0.0,0.0,0.0,0.0,0.0,0.0,0.0,0.0,0.0,0.0,0.0,0.0,0.0,0.0,0.0,0.0,0.0,2012,12,251434,Alto,0.0,0.0,1.0,0.0,11.6,368,1.0,0.0,Hamburg,5986.91
0.0,0.0,0.0,0.0,1.0,0.0,0.0,0.0,0.0,0.0,0.0,0.0,0.0,0.0,0.0,0.0,0.0,0.0,0.0,0.0,1.0,0.0,0.0,0.0,0.0,0.0,0.0,0.0,2018,6,157502,Medio,0.0,1.0,0.0,0.0,8.6,101,0.0,1.0,Frankfurt,21694.91
0.0,1.0,0.0,0.0,0.0,0.0,1.0,0.0,0.0,0.0,0.0,0.0,0.0,0.0,0.0,0.0,0.0,0.0,0.0,0.0,0.0,0.0,0.0,0.0,0.0,0.0,0.0,0.0,2022,2,25732,Bajo,0.0,1.0,0.0,0.0,10.5,270,0.0,1.0,Frankfurt,58172.74
0.0,0.0,1.0,0.0,0.0,0.0,0.0,0.0,0.0,0.0,0.0,0.0,0.0,0.0,1.0,0.0,0.0,0.0,0.0,0.0,0.0,0.0,0.0,0.0,0.0,0.0,0.0,0.0,2008,16,264196,Alto,1.0,0.0,0.0,0.0,6.6,437,0.0,1.0,Frankfurt,96926.17
0.0,0.0,0.0,0.0,0.0,1.0,0.0,0.0,0.0,0.0,0.0,0.0,0.0,0.0,0.0,0.0,0.0,0.0,0.0,0.0,0.0,1.0,0.0,0.0,0.0,0.0,0.0,0.0,2019,5,69449,Bajo,0.0,1.0,0.0,0.0,7.5,137,0.0,1.0,Cologne,21897.61
0.0,1.0,0.0,0.0,0.0,0.0,0.0,1.0,0.0,0.0,0.0,0.0,0.0,0.0,0.0,0.0,0.0,0.0,0.0,0.0,0.0,0.0,0.0,0.0,0.0,0.0,0.0,0.0,2012,12,295610,Alto,0.0,0.0,1.0,0.0,11.4,231,1.0,0.0,Berlin,12182.03
0.0,0.0,0.0,0.0,0.0,1.0,0.0,0.0,0.0,0.0,0.0,0.0,0.0,0.0,0.0,0.0,0.0,1.0,0.0,0.0,0.0,0.0,0.0,0.0,0.0,0.0,0.0,0.0,2013,11,97941,Bajo,0.0,1.0,0.0,0.0,9.9,333,1.0,0.0,Hamburg,15725.01
0.0,0.0,0.0,1.0,0.0,0.0,0.0,0.0,0.0,0.0,0.0,0.0,0.0,1.0,0.0,0.0,0.0,0.0,0.0,0.0,0.0,0.0,0.0,0.0,0.0,0.0,0.0,0.0,2005,19,235306,Alto,0.0,0.0,0.0,1.0,10.0,74,1.0,0.0,Munich,53162.29
1.0,0.0,0.0,0.0,0.0,0.0,0.0,0.0,1.0,0.0,0.0,0.0,0.0,0.0,0.0,0.0,0.0,0.0,0.0,0.0,0.0,0.0,0.0,0.0,0.0,0.0,0.0,0.0,2011,13,86129,Bajo,1.0,0.0,0.0,0.0,7.1,78,1.0,0.0,Frankfurt,5581.21
0.0,0.0,0.0,0.0,0.0,1.0,0.0,0.0,0.0,0.0,0.0,0.0,0.0,0.0,0.0,0.0,0.0,1.0,0.0,0.0,0.0,0.0,0.0,0.0,0.0,0.0,0.0,0.0,2012,12,274728,Alto,0.0,1.0,0.0,0.0,11.1,454,1.0,0.0,Munich,65411.9
0.0,0.0,0.0,0.0,0.0,1.0,0.0,0.0,0.0,0.0,0.0,0.0,0.0,0.0,0.0,0.0,0.0,1.0,0.0,0.0,0.0,0.0,0.0,0.0,0.0,0.0,0.0,0.0,2005,19,35558,Bajo,0.0,0.0,0.0,1.0,7.6,111,1.0,0.0,Frankfurt,21605.04
1.0,0.0,0.0,0.0,0.0,0.0,0.0,0.0,0.0,0.0,0.0,0.0,0.0,0.0,0.0,0.0,0.0,0.0,0.0,0.0,0.0,0.0,0.0,1.0,0.0,0.0,0.0,0.0,2010,14,292415,Alto,1.0,0.0,0.0,0.0,12.0,451,0.0,1.0,Hamburg,38185.54
0.0,0.0,0.0,0.0,1.0,0.0,0.0,0.0,0.0,0.0,0.0,0.0,0.0,0.0,0.0,0.0,0.0,0.0,0.0,0.0,1.0,0.0,0.0,0.0,0.0,0.0,0.0,0.0,2012,12,25451,Bajo,0.0,0.0,1.0,0.0,9.5,215,1.0,0.0,Munich,94527.1
0.0,0.0,0.0,1.0,0.0,0.0,0.0,0.0,0.0,0.0,0.0,0.0,0.0,0.0,0.0,0.0,0.0,0.0,1.0,0.0,0.0,0.0,0.0,0.0,0.0,0.0,0.0,0.0,2022,2,180520,Medio,1.0,0.0,0.0,0.0,10.9,125,1.0,0.0,Hamburg,96681.76
0.0,0.0,1.0,0.0,0.0,0.0,0.0,0.0,0.0,0.0,0.0,0.0,0.0,0.0,0.0,1.0,0.0,0.0,0.0,0.0,0.0,0.0,0.0,0.0,0.0,0.0,0.0,0.0,2022,2,103349,Medio,0.0,0.0,1.0,0.0,5.4,331,0.0,1.0,Hamburg,29456.24
0.0,0.0,0.0,1.0,0.0,0.0,0.0,0.0,0.0,0.0,0.0,0.0,0.0,0.0,0.0,0.0,0.0,0.0,1.0,0.0,0.0,0.0,0.0,0.0,0.0,0.0,0.0,0.0,2009,15,119078,Medio,1.0,0.0,0.0,0.0,3.5,76,0.0,1.0,Cologne,79954.02
0.0,0.0,1.0,0.0,0.0,0.0,0.0,0.0,0.0,0.0,0.0,0.0,0.0,0.0,0.0,0.0,1.0,0.0,0.0,0.0,0.0,0.0,0.0,0.0,0.0,0.0,0.0,0.0,2018,6,53607,Bajo,0.0,0.0,0.0,1.0,7.6,171,1.0,0.0,Cologne,97407.64
0.0,0.0,1.0,0.0,0.0,0.0,0.0,0.0,0.0,0.0,0.0,0.0,0.0,0.0,0.0,1.0,0.0,0.0,0.0,0.0,0.0,0.0,0.0,0.0,0.0,0.0,0.0,0.0,2022,2,288215,Alto,0.0,0.0,1.0,0.0,9.9,327,1.0,0.0,Hamburg,18350.07
1.0,0.0,0.0,0.0,0.0,0.0,0.0,0.0,1.0,0.0,0.0,0.0,0.0,0.0,0.0,0.0,0.0,0.0,0.0,0.0,0.0,0.0,0.0,0.0,0.0,0.0,0.0,0.0,2015,9,59165,Bajo,0.0,0.0,0.0,1.0,6.6,157,1.0,0.0,Cologne,40829.05
0.0,0.0,0.0,0.0,0.0,1.0,0.0,0.0,0.0,0.0,0.0,0.0,0.0,0.0,0.0,0.0,0.0,0.0,0.0,0.0,0.0,0.0,0.0,0.0,0.0,1.0,0.0,0.0,2021,3,155962,Medio,1.0,0.0,0.0,0.0,7.5,251,1.0,0.0,Hamburg,12431.02
0.0,0.0,0.0,1.0,0.0,0.0,0.0,0.0,0.0,0.0,1.0,0.0,0.0,0.0,0.0,0.0,0.0,0.0,0.0,0.0,0.0,0.0,0.0,0.0,0.0,0.0,0.0,0.0,2016,8,65845,Bajo,0.0,0.0,1.0,0.0,5.1,466,1.0,0.0,Hamburg,80090.82
0.0,0.0,1.0,0.0,0.0,0.0,0.0,0.0,0.0,0.0,0.0,0.0,0.0,0.0,1.0,0.0,0.0,0.0,0.0,0.0,0.0,0.0,0.0,0.0,0.0,0.0,0.0,0.0,2019,5,294184,Alto,0.0,0.0,0.0,1.0,7.9,110,0.0,1.0,Munich,17642.96
0.0,0.0,0.0,0.0,0.0,1.0,0.0,0.0,0.0,0.0,0.0,0.0,0.0,0.0,0.0,0.0,0.0,0.0,0.0,0.0,0.0,0.0,1.0,0.0,0.0,0.0,0.0,0.0,2012,12,9076,Bajo,0.0,0.0,1.0,0.0,7.3,120,0.0,1.0,Hamburg,57566.52
0.0,0.0,1.0,0.0,0.0,0.0,0.0,0.0,0.0,0.0,0.0,1.0,0.0,0.0,0.0,0.0,0.0,0.0,0.0,0.0,0.0,0.0,0.0,0.0,0.0,0.0,0.0,0.0,2005,19,250318,Alto,0.0,0.0,1.0,0.0,6.6,417,0.0,1.0,Cologne,50440.5
1.0,0.0,0.0,0.0,0.0,0.0,0.0,0.0,0.0,1.0,0.0,0.0,0.0,0.0,0.0,0.0,0.0,0.0,0.0,0.0,0.0,0.0,0.0,0.0,0.0,0.0,0.0,0.0,2010,14,168165,Medio,0.0,1.0,0.0,0.0,7.8,164,0.0,1.0,Munich,33959.39
0.0,1.0,0.0,0.0,0.0,0.0,0.0,0.0,0.0,0.0,0.0,0.0,0.0,0.0,0.0,0.0,0.0,0.0,0.0,0.0,0.0,0.0,0.0,0.0,0.0,0.0,0.0,1.0,2014,10,36757,Bajo,1.0,0.0,0.0,0.0,6.0,227,1.0,0.0,Hamburg,81233.65
0.0,0.0,0.0,0.0,0.0,1.0,0.0,0.0,0.0,0.0,0.0,0.0,0.0,0.0,0.0,0.0,0.0,1.0,0.0,0.0,0.0,0.0,0.0,0.0,0.0,0.0,0.0,0.0,2007,17,162366,Medio,0.0,0.0,0.0,1.0,11.3,130,1.0,0.0,Munich,64447.73
1.0,0.0,0.0,0.0,0.0,0.0,0.0,0.0,0.0,0.0,0.0,0.0,0.0,0.0,0.0,0.0,0.0,0.0,0.0,0.0,0.0,0.0,0.0,1.0,0.0,0.0,0.0,0.0,2010,14,39390,Bajo,1.0,0.0,0.0,0.0,5.3,110,1.0,0.0,Munich,81259.02
1.0,0.0,0.0,0.0,0.0,0.0,0.0,0.0,0.0,0.0,0.0,0.0,0.0,0.0,0.0,0.0,0.0,0.0,0.0,0.0,0.0,0.0,0.0,0.0,1.0,0.0,0.0,0.0,2006,18,294449,Alto,0.0,1.0,0.0,0.0,5.3,144,1.0,0.0,Munich,23362.07
0.0,0.0,0.0,0.0,0.0,1.0,0.0,0.0,0.0,0.0,0.0,0.0,0.0,0.0,0.0,0.0,0.0,0.0,0.0,0.0,0.0,1.0,0.0,0.0,0.0,0.0,0.0,0.0,2009,15,211415,Alto,0.0,0.0,0.0,1.0,6.9,298,1.0,0.0,Cologne,85681.2
0.0,1.0,0.0,0.0,0.0,0.0,0.0,0.0,0.0,0.0,0.0,0.0,0.0,0.0,0.0,0.0,0.0,0.0,0.0,0.0,0.0,0.0,0.0,0.0,0.0,0.0,1.0,0.0,2011,13,45706,Bajo,1.0,0.0,0.0,0.0,7.9,489,0.0,1.0,Cologne,56667.92
0.0,0.0,0.0,1.0,0.0,0.0,0.0,0.0,0.0,0.0,0.0,0.0,0.0,0.0,0.0,0.0,0.0,0.0,1.0,0.0,0.0,0.0,0.0,0.0,0.0,0.0,0.0,0.0,2021,3,191494,Medio,1.0,0.0,0.0,0.0,4.0,296,0.0,1.0,Hamburg,98885.42
0.0,0.0,1.0,0.0,0.0,0.0,0.0,0.0,0.0,0.0,0.0,0.0,0.0,0.0,0.0,0.0,1.0,0.0,0.0,0.0,0.0,0.0,0.0,0.0,0.0,0.0,0.0,0.0,2013,11,191185,Medio,0.0,0.0,1.0,0.0,8.2,188,1.0,0.0,Munich,25669.89
0.0,0.0,0.0,0.0,0.0,1.0,0.0,0.0,0.0,0.0,0.0,0.0,0.0,0.0,0.0,0.0,0.0,1.0,0.0,0.0,0.0,0.0,0.0,0.0,0.0,0.0,0.0,0.0,2010,14,155007,Medio,0.0,1.0,0.0,0.0,10.3,344,1.0,0.0,Cologne,90673.66
0.0,1.0,0.0,0.0,0.0,0.0,0.0,0.0,0.0,0.0,0.0,0.0,0.0,0.0,0.0,0.0,0.0,0.0,0.0,0.0,0.0,0.0,0.0,0.0,0.0,0.0,0.0,1.0,2023,1,12719,Bajo,1.0,0.0,0.0,0.0,10.2,395,1.0,0.0,Munich,12412.04
0.0,1.0,0.0,0.0,0.0,0.0,0.0,0.0,0.0,0.0,0.0,0.0,0.0,0.0,0.0,0.0,0.0,0.0,0.0,0.0,0.0,0.0,0.0,0.0,0.0,0.0,1.0,0.0,2015,9,154609,Medio,0.0,1.0,0.0,0.0,10.5,153,0.0,1.0,Berlin,97808.57
0.0,0.0,0.0,0.0,0.0,1.0,0.0,0.0,0.0,0.0,0.0,0.0,0.0,0.0,0.0,0.0,0.0,0.0,0.0,0.0,0.0,1.0,0.0,0.0,0.0,0.0,0.0,0.0,2011,13,139858,Medio,0.0,1.0,0.0,0.0,11.3,266,1.0,0.0,Cologne,44431.78
0.0,1.0,0.0,0.0,0.0,0.0,0.0,0.0,0.0,0.0,0.0,0.0,0.0,0.0,0.0,0.0,0.0,0.0,0.0,0.0,0.0,0.0,0.0,0.0,0.0,0.0,0.0,1.0,2020,4,213014,Alto,0.0,1.0,0.0,0.0,9.1,412,0.0,1.0,Frankfurt,78689.39
1.0,0.0,0.0,0.0,0.0,0.0,0.0,0.0,0.0,1.0,0.0,0.0,0.0,0.0,0.0,0.0,0.0,0.0,0.0,0.0,0.0,0.0,0.0,0.0,0.0,0.0,0.0,0.0,2013,11,287541,Alto,0.0,1.0,0.0,0.0,10.8,99,0.0,1.0,Cologne,64913.78
1.0,0.0,0.0,0.0,0.0,0.0,0.0,0.0,0.0,0.0,0.0,0.0,0.0,0.0,0.0,0.0,0.0,0.0,0.0,0.0,0.0,0.0,0.0,0.0,1.0,0.0,0.0,0.0,2023,1,101366,Medio,0.0,1.0,0.0,0.0,6.7,265,1.0,0.0,Frankfurt,19073.1
0.0,1.0,0.0,0.0,0.0,0.0,1.0,0.0,0.0,0.0,0.0,0.0,0.0,0.0,0.0,0.0,0.0,0.0,0.0,0.0,0.0,0.0,0.0,0.0,0.0,0.0,0.0,0.0,2011,13,230730,Alto,0.0,1.0,0.0,0.0,4.8,112,0.0,1.0,Hamburg,69961.24
0.0,0.0,1.0,0.0,0.0,0.0,0.0,0.0,0.0,0.0,0.0,0.0,0.0,0.0,1.0,0.0,0.0,0.0,0.0,0.0,0.0,0.0,0.0,0.0,0.0,0.0,0.0,0.0,2011,13,206806,Alto,0.0,1.0,0.0,0.0,8.6,112,0.0,1.0,Frankfurt,89225.65
0.0,1.0,0.0,0.0,0.0,0.0,1.0,0.0,0.0,0.0,0.0,0.0,0.0,0.0,0.0,0.0,0.0,0.0,0.0,0.0,0.0,0.0,0.0,0.0,0.0,0.0,0.0,0.0,2017,7,81041,Bajo,0.0,0.0,1.0,0.0,10.5,354,1.0,0.0,Hamburg,92643.5
0.0,0.0,1.0,0.0,0.0,0.0,0.0,0.0,0.0,0.0,0.0,0.0,0.0,0.0,0.0,0.0,1.0,0.0,0.0,0.0,0.0,0.0,0.0,0.0,0.0,0.0,0.0,0.0,2015,9,161443,Medio,0.0,0.0,1.0,0.0,9.7,399,1.0,0.0,Berlin,58991.32
0.0,0.0,0.0,1.0,0.0,0.0,0.0,0.0,0.0,0.0,0.0,0.0,0.0,1.0,0.0,0.0,0.0,0.0,0.0,0.0,0.0,0.0,0.0,0.0,0.0,0.0,0.0,0.0,2017,7,80577,Bajo,0.0,0.0,1.0,0.0,8.5,304,0.0,1.0,Berlin,15951.0
0.0,0.0,1.0,0.0,0.0,0.0,0.0,0.0,0.0,0.0,0.0,0.0,0.0,0.0,0.0,0.0,1.0,0.0,0.0,0.0,0.0,0.0,0.0,0.0,0.0,0.0,0.0,0.0,2013,11,233266,Alto,0.0,0.0,1.0,0.0,6.1,234,1.0,0.0,Cologne,24418.26
0.0,1.0,0.0,0.0,0.0,0.0,0.0,0.0,0.0,0.0,0.0,0.0,0.0,0.0,0.0,0.0,0.0,0.0,0.0,0.0,0.0,0.0,0.0,0.0,0.0,0.0,0.0,1.0,2005,19,237395,Alto,0.0,1.0,0.0,0.0,5.8,239,0.0,1.0,Frankfurt,42473.46
0.0,0.0,1.0,0.0,0.0,0.0,0.0,0.0,0.0,0.0,0.0,0.0,0.0,0.0,1.0,0.0,0.0,0.0,0.0,0.0,0.0,0.0,0.0,0.0,0.0,0.0,0.0,0.0,2019,5,177807,Medio,0.0,1.0,0.0,0.0,10.2,365,1.0,0.0,Frankfurt,96327.48
0.0,1.0,0.0,0.0,0.0,0.0,0.0,0.0,0.0,0.0,0.0,0.0,0.0,0.0,0.0,0.0,0.0,0.0,0.0,0.0,0.0,0.0,0.0,0.0,0.0,0.0,1.0,0.0,2007,17,18861,Bajo,0.0,1.0,0.0,0.0,7.7,430,1.0,0.0,Hamburg,20898.47
0.0,0.0,0.0,1.0,0.0,0.0,0.0,0.0,0.0,0.0,0.0,0.0,0.0,1.0,0.0,0.0,0.0,0.0,0.0,0.0,0.0,0.0,0.0,0.0,0.0,0.0,0.0,0.0,2013,11,160313,Medio,1.0,0.0,0.0,0.0,5.1,332,0.0,1.0,Munich,21695.67
0.0,0.0,0.0,0.0,1.0,0.0,0.0,0.0,0.0,0.0,0.0,0.0,0.0,0.0,0.0,0.0,0.0,0.0,0.0,1.0,0.0,0.0,0.0,0.0,0.0,0.0,0.0,0.0,2019,5,78321,Bajo,0.0,0.0,0.0,1.0,3.3,500,0.0,1.0,Frankfurt,49427.89
0.0,0.0,1.0,0.0,0.0,0.0,0.0,0.0,0.0,0.0,0.0,0.0,0.0,0.0,0.0,0.0,1.0,0.0,0.0,0.0,0.0,0.0,0.0,0.0,0.0,0.0,0.0,0.0,2017,7,297121,Alto,0.0,1.0,0.0,0.0,6.3,408,1.0,0.0,Hamburg,12605.58
0.0,0.0,0.0,0.0,1.0,0.0,0.0,0.0,0.0,0.0,0.0,0.0,1.0,0.0,0.0,0.0,0.0,0.0,0.0,0.0,0.0,0.0,0.0,0.0,0.0,0.0,0.0,0.0,2005,19,89359,Bajo,0.0,1.0,0.0,0.0,3.5,334,1.0,0.0,Munich,73565.28
0.0,0.0,0.0,0.0,1.0,0.0,0.0,0.0,0.0,0.0,0.0,0.0,0.0,0.0,0.0,0.0,0.0,0.0,0.0,0.0,1.0,0.0,0.0,0.0,0.0,0.0,0.0,0.0,2021,3,279748,Alto,0.0,0.0,0.0,1.0,9.7,167,0.0,1.0,Munich,14451.87
0.0,0.0,0.0,0.0,1.0,0.0,0.0,0.0,0.0,0.0,0.0,0.0,1.0,0.0,0.0,0.0,0.0,0.0,0.0,0.0,0.0,0.0,0.0,0.0,0.0,0.0,0.0,0.0,2023,1,74243,Bajo,1.0,0.0,0.0,0.0,10.7,164,0.0,1.0,Berlin,60290.44
0.0,0.0,0.0,1.0,0.0,0.0,0.0,0.0,0.0,0.0,0.0,0.0,0.0,0.0,0.0,0.0,0.0,0.0,1.0,0.0,0.0,0.0,0.0,0.0,0.0,0.0,0.0,0.0,2019,5,260512,Alto,0.0,0.0,0.0,1.0,8.1,340,0.0,1.0,Cologne,82216.1
0.0,0.0,1.0,0.0,0.0,0.0,0.0,0.0,0.0,0.0,0.0,0.0,0.0,0.0,1.0,0.0,0.0,0.0,0.0,0.0,0.0,0.0,0.0,0.0,0.0,0.0,0.0,0.0,2005,19,87530,Bajo,0.0,1.0,0.0,0.0,8.0,488,1.0,0.0,Munich,64063.3
1.0,0.0,0.0,0.0,0.0,0.0,0.0,0.0,1.0,0.0,0.0,0.0,0.0,0.0,0.0,0.0,0.0,0.0,0.0,0.0,0.0,0.0,0.0,0.0,0.0,0.0,0.0,0.0,2014,10,268396,Alto,0.0,1.0,0.0,0.0,5.0,153,0.0,1.0,Hamburg,22492.6
0.0,0.0,0.0,0.0,0.0,1.0,0.0,0.0,0.0,0.0,0.0,0.0,0.0,0.0,0.0,0.0,0.0,0.0,0.0,0.0,0.0,0.0,1.0,0.0,0.0,0.0,0.0,0.0,2012,12,185362,Medio,0.0,0.0,0.0,1.0,9.9,163,1.0,0.0,Frankfurt,14730.13
0.0,0.0,1.0,0.0,0.0,0.0,0.0,0.0,0.0,0.0,0.0,1.0,0.0,0.0,0.0,0.0,0.0,0.0,0.0,0.0,0.0,0.0,0.0,0.0,0.0,0.0,0.0,0.0,2010,14,147150,Medio,0.0,0.0,1.0,0.0,8.8,343,1.0,0.0,Cologne,64295.76
0.0,1.0,0.0,0.0,0.0,0.0,0.0,0.0,0.0,0.0,0.0,0.0,0.0,0.0,0.0,0.0,0.0,0.0,0.0,0.0,0.0,0.0,0.0,0.0,0.0,0.0,0.0,1.0,2015,9,242931,Alto,1.0,0.0,0.0,0.0,11.9,481,1.0,0.0,Cologne,52943.51
0.0,0.0,0.0,0.0,1.0,0.0,0.0,0.0,0.0,0.0,0.0,0.0,1.0,0.0,0.0,0.0,0.0,0.0,0.0,0.0,0.0,0.0,0.0,0.0,0.0,0.0,0.0,0.0,2008,16,84762,Bajo,0.0,1.0,0.0,0.0,3.9,452,0.0,1.0,Cologne,64471.32
0.0,0.0,0.0,0.0,0.0,1.0,0.0,0.0,0.0,0.0,0.0,0.0,0.0,0.0,0.0,0.0,0.0,0.0,0.0,0.0,0.0,0.0,0.0,0.0,0.0,1.0,0.0,0.0,2010,14,46614,Bajo,1.0,0.0,0.0,0.0,5.4,442,0.0,1.0,Cologne,79022.34
0.0,0.0,0.0,0.0,1.0,0.0,0.0,0.0,0.0,0.0,0.0,0.0,0.0,0.0,0.0,0.0,0.0,0.0,0.0,0.0,1.0,0.0,0.0,0.0,0.0,0.0,0.0,0.0,2015,9,203688,Alto,0.0,0.0,1.0,0.0,6.9,134,1.0,0.0,Frankfurt,23729.79
0.0,0.0,0.0,1.0,0.0,0.0,0.0,0.0,0.0,0.0,0.0,0.0,0.0,0.0,0.0,0.0,0.0,0.0,1.0,0.0,0.0,0.0,0.0,0.0,0.0,0.0,0.0,0.0,2008,16,76828,Bajo,0.0,0.0,1.0,0.0,6.2,256,1.0,0.0,Berlin,43144.86
0.0,1.0,0.0,0.0,0.0,0.0,1.0,0.0,0.0,0.0,0.0,0.0,0.0,0.0,0.0,0.0,0.0,0.0,0.0,0.0,0.0,0.0,0.0,0.0,0.0,0.0,0.0,0.0,2012,12,111371,Medio,0.0,0.0,0.0,1.0,6.1,402,0.0,1.0,Berlin,60134.68
0.0,1.0,0.0,0.0,0.0,0.0,1.0,0.0,0.0,0.0,0.0,0.0,0.0,0.0,0.0,0.0,0.0,0.0,0.0,0.0,0.0,0.0,0.0,0.0,0.0,0.0,0.0,0.0,2006,18,199741,Medio,0.0,0.0,0.0,1.0,9.5,271,0.0,1.0,Berlin,85457.2
0.0,0.0,0.0,1.0,0.0,0.0,0.0,0.0,0.0,0.0,1.0,0.0,0.0,0.0,0.0,0.0,0.0,0.0,0.0,0.0,0.0,0.0,0.0,0.0,0.0,0.0,0.0,0.0,2020,4,160554,Medio,1.0,0.0,0.0,0.0,6.0,367,1.0,0.0,Frankfurt,7357.75
0.0,0.0,0.0,0.0,1.0,0.0,0.0,0.0,0.0,0.0,0.0,0.0,0.0,0.0,0.0,0.0,0.0,0.0,0.0,1.0,0.0,0.0,0.0,0.0,0.0,0.0,0.0,0.0,2015,9,87632,Bajo,1.0,0.0,0.0,0.0,4.5,86,1.0,0.0,Hamburg,64131.96
1.0,0.0,0.0,0.0,0.0,0.0,0.0,0.0,0.0,0.0,0.0,0.0,0.0,0.0,0.0,0.0,0.0,0.0,0.0,0.0,0.0,0.0,0.0,0.0,1.0,0.0,0.0,0.0,2019,5,251082,Alto,1.0,0.0,0.0,0.0,9.9,375,1.0,0.0,Munich,51234.22
0.0,1.0,0.0,0.0,0.0,0.0,0.0,1.0,0.0,0.0,0.0,0.0,0.0,0.0,0.0,0.0,0.0,0.0,0.0,0.0,0.0,0.0,0.0,0.0,0.0,0.0,0.0,0.0,2006,18,47841,Bajo,0.0,0.0,0.0,1.0,10.8,485,1.0,0.0,Cologne,77270.4
0.0,0.0,0.0,1.0,0.0,0.0,0.0,0.0,0.0,0.0,0.0,0.0,0.0,1.0,0.0,0.0,0.0,0.0,0.0,0.0,0.0,0.0,0.0,0.0,0.0,0.0,0.0,0.0,2008,16,9099,Bajo,1.0,0.0,0.0,0.0,8.6,267,0.0,1.0,Hamburg,44714.87
0.0,0.0,0.0,0.0,1.0,0.0,0.0,0.0,0.0,0.0,0.0,0.0,1.0,0.0,0.0,0.0,0.0,0.0,0.0,0.0,0.0,0.0,0.0,0.0,0.0,0.0,0.0,0.0,2014,10,39453,Bajo,0.0,1.0,0.0,0.0,11.4,354,0.0,1.0,Frankfurt,28245.18
1.0,0.0,0.0,0.0,0.0,0.0,0.0,0.0,0.0,0.0,0.0,0.0,0.0,0.0,0.0,0.0,0.0,0.0,0.0,0.0,0.0,0.0,0.0,0.0,1.0,0.0,0.0,0.0,2014,10,154397,Medio,0.0,0.0,0.0,1.0,4.7,217,1.0,0.0,Munich,59710.98
0.0,0.0,0.0,0.0,1.0,0.0,0.0,0.0,0.0,0.0,0.0,0.0,0.0,0.0,0.0,0.0,0.0,0.0,0.0,0.0,1.0,0.0,0.0,0.0,0.0,0.0,0.0,0.0,2021,3,78987,Bajo,0.0,0.0,0.0,1.0,11.2,295,1.0,0.0,Hamburg,22622.26
0.0,0.0,0.0,1.0,0.0,0.0,0.0,0.0,0.0,0.0,0.0,0.0,0.0,0.0,0.0,0.0,0.0,0.0,1.0,0.0,0.0,0.0,0.0,0.0,0.0,0.0,0.0,0.0,2020,4,120151,Medio,0.0,1.0,0.0,0.0,3.7,200,1.0,0.0,Hamburg,97567.99
0.0,0.0,1.0,0.0,0.0,0.0,0.0,0.0,0.0,0.0,0.0,1.0,0.0,0.0,0.0,0.0,0.0,0.0,0.0,0.0,0.0,0.0,0.0,0.0,0.0,0.0,0.0,0.0,2017,7,276998,Alto,0.0,0.0,1.0,0.0,6.6,171,0.0,1.0,Frankfurt,25100.58
0.0,0.0,0.0,0.0,0.0,1.0,0.0,0.0,0.0,0.0,0.0,0.0,0.0,0.0,0.0,0.0,0.0,0.0,0.0,0.0,0.0,0.0,1.0,0.0,0.0,0.0,0.0,0.0,2016,8,22732,Bajo,0.0,1.0,0.0,0.0,7.2,277,1.0,0.0,Munich,17253.21
0.0,0.0,0.0,0.0,1.0,0.0,0.0,0.0,0.0,0.0,0.0,0.0,1.0,0.0,0.0,0.0,0.0,0.0,0.0,0.0,0.0,0.0,0.0,0.0,0.0,0.0,0.0,0.0,2022,2,114284,Medio,1.0,0.0,0.0,0.0,9.0,427,1.0,0.0,Cologne,39106.77
0.0,0.0,0.0,1.0,0.0,0.0,0.0,0.0,0.0,0.0,0.0,0.0,0.0,1.0,0.0,0.0,0.0,0.0,0.0,0.0,0.0,0.0,0.0,0.0,0.0,0.0,0.0,0.0,2008,16,99548,Bajo,0.0,0.0,0.0,1.0,8.2,499,1.0,0.0,Hamburg,96943.39
0.0,0.0,0.0,0.0,1.0,0.0,0.0,0.0,0.0,0.0,0.0,0.0,0.0,0.0,0.0,0.0,0.0,0.0,0.0,0.0,1.0,0.0,0.0,0.0,0.0,0.0,0.0,0.0,2010,14,68827,Bajo,0.0,0.0,1.0,0.0,10.6,448,0.0,1.0,Cologne,6493.54
0.0,0.0,0.0,0.0,0.0,1.0,0.0,0.0,0.0,0.0,0.0,0.0,0.0,0.0,0.0,0.0,0.0,0.0,0.0,0.0,0.0,1.0,0.0,0.0,0.0,0.0,0.0,0.0,2021,3,260866,Alto,1.0,0.0,0.0,0.0,10.7,295,1.0,0.0,Hamburg,68026.56
0.0,0.0,0.0,0.0,1.0,0.0,0.0,0.0,0.0,0.0,0.0,0.0,1.0,0.0,0.0,0.0,0.0,0.0,0.0,0.0,0.0,0.0,0.0,0.0,0.0,0.0,0.0,0.0,2017,7,15184,Bajo,0.0,0.0,0.0,1.0,4.1,120,1.0,0.0,Frankfurt,93202.48
0.0,0.0,0.0,0.0,0.0,1.0,0.0,0.0,0.0,0.0,0.0,0.0,0.0,0.0,0.0,0.0,0.0,0.0,0.0,0.0,0.0,0.0,1.0,0.0,0.0,0.0,0.0,0.0,2010,14,144976,Medio,1.0,0.0,0.0,0.0,10.0,94,1.0,0.0,Berlin,66954.21
0.0,1.0,0.0,0.0,0.0,0.0,0.0,1.0,0.0,0.0,0.0,0.0,0.0,0.0,0.0,0.0,0.0,0.0,0.0,0.0,0.0,0.0,0.0,0.0,0.0,0.0,0.0,0.0,2006,18,249218,Alto,0.0,0.0,1.0,0.0,6.5,187,0.0,1.0,Berlin,21507.32
0.0,0.0,1.0,0.0,0.0,0.0,0.0,0.0,0.0,0.0,0.0,0.0,0.0,0.0,0.0,0.0,1.0,0.0,0.0,0.0,0.0,0.0,0.0,0.0,0.0,0.0,0.0,0.0,2017,7,253432,Alto,0.0,1.0,0.0,0.0,6.3,440,0.0,1.0,Frankfurt,12250.16
0.0,1.0,0.0,0.0,0.0,0.0,0.0,0.0,0.0,0.0,0.0,0.0,0.0,0.0,0.0,0.0,0.0,0.0,0.0,0.0,0.0,0.0,0.0,0.0,0.0,0.0,1.0,0.0,2009,15,142864,Medio,1.0,0.0,0.0,0.0,4.3,70,1.0,0.0,Cologne,11218.46
0.0,0.0,0.0,1.0,0.0,0.0,0.0,0.0,0.0,0.0,0.0,0.0,0.0,0.0,0.0,0.0,0.0,0.0,1.0,0.0,0.0,0.0,0.0,0.0,0.0,0.0,0.0,0.0,2013,11,258782,Alto,0.0,0.0,0.0,1.0,4.0,213,1.0,0.0,Hamburg,9513.67
0.0,0.0,0.0,0.0,0.0,1.0,0.0,0.0,0.0,0.0,0.0,0.0,0.0,0.0,0.0,0.0,0.0,0.0,0.0,0.0,0.0,0.0,0.0,0.0,0.0,1.0,0.0,0.0,2010,14,111801,Medio,0.0,1.0,0.0,0.0,7.4,170,1.0,0.0,Berlin,34189.41
1.0,0.0,0.0,0.0,0.0,0.0,0.0,0.0,1.0,0.0,0.0,0.0,0.0,0.0,0.0,0.0,0.0,0.0,0.0,0.0,0.0,0.0,0.0,0.0,0.0,0.0,0.0,0.0,2013,11,87314,Bajo,0.0,0.0,1.0,0.0,5.5,100,1.0,0.0,Frankfurt,42034.44
0.0,1.0,0.0,0.0,0.0,0.0,0.0,1.0,0.0,0.0,0.0,0.0,0.0,0.0,0.0,0.0,0.0,0.0,0.0,0.0,0.0,0.0,0.0,0.0,0.0,0.0,0.0,0.0,2017,7,202797,Alto,0.0,1.0,0.0,0.0,8.2,237,1.0,0.0,Hamburg,62149.21
1.0,0.0,0.0,0.0,0.0,0.0,0.0,0.0,0.0,1.0,0.0,0.0,0.0,0.0,0.0,0.0,0.0,0.0,0.0,0.0,0.0,0.0,0.0,0.0,0.0,0.0,0.0,0.0,2015,9,128108,Medio,0.0,1.0,0.0,0.0,6.7,83,1.0,0.0,Hamburg,47373.84
0.0,1.0,0.0,0.0,0.0,0.0,1.0,0.0,0.0,0.0,0.0,0.0,0.0,0.0,0.0,0.0,0.0,0.0,0.0,0.0,0.0,0.0,0.0,0.0,0.0,0.0,0.0,0.0,2011,13,273100,Alto,0.0,1.0,0.0,0.0,11.9,269,0.0,1.0,Berlin,13997.76
0.0,0.0,0.0,1.0,0.0,0.0,0.0,0.0,0.0,0.0,0.0,0.0,0.0,0.0,0.0,0.0,0.0,0.0,1.0,0.0,0.0,0.0,0.0,0.0,0.0,0.0,0.0,0.0,2008,16,216643,Alto,1.0,0.0,0.0,0.0,7.8,199,0.0,1.0,Munich,27849.86
0.0,0.0,1.0,0.0,0.0,0.0,0.0,0.0,0.0,0.0,0.0,0.0,0.0,0.0,0.0,0.0,1.0,0.0,0.0,0.0,0.0,0.0,0.0,0.0,0.0,0.0,0.0,0.0,2021,3,284024,Alto,0.0,1.0,0.0,0.0,5.8,189,0.0,1.0,Munich,42529.17
0.0,0.0,0.0,1.0,0.0,0.0,0.0,0.0,0.0,0.0,1.0,0.0,0.0,0.0,0.0,0.0,0.0,0.0,0.0,0.0,0.0,0.0,0.0,0.0,0.0,0.0,0.0,0.0,2006,18,14321,Bajo,0.0,0.0,0.0,1.0,5.4,395,0.0,1.0,Berlin,11770.51
0.0,0.0,0.0,0.0,0.0,1.0,0.0,0.0,0.0,0.0,0.0,0.0,0.0,0.0,0.0,0.0,0.0,0.0,0.0,0.0,0.0,0.0,1.0,0.0,0.0,0.0,0.0,0.0,2022,2,170917,Medio,0.0,0.0,1.0,0.0,3.0,223,0.0,1.0,Frankfurt,33908.45
0.0,0.0,0.0,1.0,0.0,0.0,0.0,0.0,0.0,0.0,0.0,0.0,0.0,0.0,0.0,0.0,0.0,0.0,1.0,0.0,0.0,0.0,0.0,0.0,0.0,0.0,0.0,0.0,2019,5,288161,Alto,0.0,0.0,0.0,1.0,3.9,135,0.0,1.0,Cologne,86798.21
0.0,0.0,0.0,0.0,1.0,0.0,0.0,0.0,0.0,0.0,0.0,0.0,0.0,0.0,0.0,0.0,0.0,0.0,0.0,1.0,0.0,0.0,0.0,0.0,0.0,0.0,0.0,0.0,2014,10,205233,Alto,0.0,1.0,0.0,0.0,10.7,268,1.0,0.0,Frankfurt,9224.08
0.0,1.0,0.0,0.0,0.0,0.0,0.0,0.0,0.0,0.0,0.0,0.0,0.0,0.0,0.0,0.0,0.0,0.0,0.0,0.0,0.0,0.0,0.0,0.0,0.0,0.0,1.0,0.0,2018,6,131741,Medio,1.0,0.0,0.0,0.0,11.5,385,1.0,0.0,Munich,27031.78
0.0,0.0,1.0,0.0,0.0,0.0,0.0,0.0,0.0,0.0,0.0,1.0,0.0,0.0,0.0,0.0,0.0,0.0,0.0,0.0,0.0,0.0,0.0,0.0,0.0,0.0,0.0,0.0,2022,2,280208,Alto,0.0,1.0,0.0,0.0,4.7,115,0.0,1.0,Berlin,49389.34
1.0,0.0,0.0,0.0,0.0,0.0,0.0,0.0,1.0,0.0,0.0,0.0,0.0,0.0,0.0,0.0,0.0,0.0,0.0,0.0,0.0,0.0,0.0,0.0,0.0,0.0,0.0,0.0,2014,10,116908,Medio,1.0,0.0,0.0,0.0,7.0,304,1.0,0.0,Munich,48275.24
0.0,0.0,0.0,0.0,1.0,0.0,0.0,0.0,0.0,0.0,0.0,0.0,1.0,0.0,0.0,0.0,0.0,0.0,0.0,0.0,0.0,0.0,0.0,0.0,0.0,0.0,0.0,0.0,2015,9,44181,Bajo,0.0,1.0,0.0,0.0,8.5,190,1.0,0.0,Cologne,67506.46
0.0,0.0,0.0,0.0,1.0,0.0,0.0,0.0,0.0,0.0,0.0,0.0,0.0,0.0,0.0,0.0,0.0,0.0,0.0,1.0,0.0,0.0,0.0,0.0,0.0,0.0,0.0,0.0,2010,14,59485,Bajo,0.0,0.0,0.0,1.0,9.2,230,0.0,1.0,Frankfurt,49769.53
0.0,1.0,0.0,0.0,0.0,0.0,1.0,0.0,0.0,0.0,0.0,0.0,0.0,0.0,0.0,0.0,0.0,0.0,0.0,0.0,0.0,0.0,0.0,0.0,0.0,0.0,0.0,0.0,2023,1,233671,Alto,0.0,1.0,0.0,0.0,10.4,236,0.0,1.0,Cologne,88987.55
0.0,0.0,0.0,0.0,1.0,0.0,0.0,0.0,0.0,0.0,0.0,0.0,1.0,0.0,0.0,0.0,0.0,0.0,0.0,0.0,0.0,0.0,0.0,0.0,0.0,0.0,0.0,0.0,2008,16,227755,Alto,0.0,1.0,0.0,0.0,4.6,328,1.0,0.0,Frankfurt,23725.41
0.0,0.0,1.0,0.0,0.0,0.0,0.0,0.0,0.0,0.0,0.0,1.0,0.0,0.0,0.0,0.0,0.0,0.0,0.0,0.0,0.0,0.0,0.0,0.0,0.0,0.0,0.0,0.0,2018,6,265256,Alto,0.0,1.0,0.0,0.0,10.7,210,0.0,1.0,Hamburg,61183.83
0.0,0.0,0.0,0.0,1.0,0.0,0.0,0.0,0.0,0.0,0.0,0.0,0.0,0.0,0.0,0.0,0.0,0.0,0.0,0.0,1.0,0.0,0.0,0.0,0.0,0.0,0.0,0.0,2009,15,259211,Alto,0.0,1.0,0.0,0.0,9.3,220,0.0,1.0,Munich,80547.06
0.0,0.0,0.0,1.0,0.0,0.0,0.0,0.0,0.0,0.0,0.0,0.0,0.0,0.0,0.0,0.0,0.0,0.0,1.0,0.0,0.0,0.0,0.0,0.0,0.0,0.0,0.0,0.0,2018,6,203281,Alto,0.0,0.0,0.0,1.0,11.0,436,0.0,1.0,Frankfurt,57124.19
0.0,0.0,0.0,0.0,1.0,0.0,0.0,0.0,0.0,0.0,0.0,0.0,0.0,0.0,0.0,0.0,0.0,0.0,0.0,0.0,1.0,0.0,0.0,0.0,0.0,0.0,0.0,0.0,2011,13,124733,Medio,0.0,1.0,0.0,0.0,9.9,354,1.0,0.0,Hamburg,59892.36
0.0,1.0,0.0,0.0,0.0,0.0,0.0,1.0,0.0,0.0,0.0,0.0,0.0,0.0,0.0,0.0,0.0,0.0,0.0,0.0,0.0,0.0,0.0,0.0,0.0,0.0,0.0,0.0,2020,4,239942,Alto,0.0,1.0,0.0,0.0,10.5,374,1.0,0.0,Cologne,62144.44
0.0,1.0,0.0,0.0,0.0,0.0,0.0,0.0,0.0,0.0,0.0,0.0,0.0,0.0,0.0,0.0,0.0,0.0,0.0,0.0,0.0,0.0,0.0,0.0,0.0,0.0,1.0,0.0,2019,5,143647,Medio,0.0,0.0,1.0,0.0,11.4,161,0.0,1.0,Frankfurt,97166.19
0.0,0.0,0.0,0.0,1.0,0.0,0.0,0.0,0.0,0.0,0.0,0.0,0.0,0.0,0.0,0.0,0.0,0.0,0.0,1.0,0.0,0.0,0.0,0.0,0.0,0.0,0.0,0.0,2023,1,174111,Medio,0.0,0.0,0.0,1.0,7.2,389,1.0,0.0,Hamburg,68321.25
0.0,0.0,0.0,0.0,0.0,1.0,0.0,0.0,0.0,0.0,0.0,0.0,0.0,0.0,0.0,0.0,0.0,0.0,0.0,0.0,0.0,0.0,0.0,0.0,0.0,1.0,0.0,0.0,2021,3,246045,Alto,0.0,0.0,1.0,0.0,4.1,135,1.0,0.0,Cologne,16354.74
0.0,0.0,0.0,0.0,0.0,1.0,0.0,0.0,0.0,0.0,0.0,0.0,0.0,0.0,0.0,0.0,0.0,1.0,0.0,0.0,0.0,0.0,0.0,0.0,0.0,0.0,0.0,0.0,2006,18,47307,Bajo,0.0,0.0,1.0,0.0,8.3,431,0.0,1.0,Berlin,67409.39
0.0,0.0,1.0,0.0,0.0,0.0,0.0,0.0,0.0,0.0,0.0,0.0,0.0,0.0,1.0,0.0,0.0,0.0,0.0,0.0,0.0,0.0,0.0,0.0,0.0,0.0,0.0,0.0,2023,1,207276,Alto,0.0,0.0,0.0,1.0,8.0,264,0.0,1.0,Berlin,60392.12
0.0,0.0,0.0,0.0,1.0,0.0,0.0,0.0,0.0,0.0,0.0,0.0,0.0,0.0,0.0,0.0,0.0,0.0,0.0,1.0,0.0,0.0,0.0,0.0,0.0,0.0,0.0,0.0,2014,10,262369,Alto,0.0,1.0,0.0,0.0,8.6,424,1.0,0.0,Berlin,22224.04
0.0,0.0,1.0,0.0,0.0,0.0,0.0,0.0,0.0,0.0,0.0,1.0,0.0,0.0,0.0,0.0,0.0,0.0,0.0,0.0,0.0,0.0,0.0,0.0,0.0,0.0,0.0,0.0,2014,10,229341,Alto,0.0,1.0,0.0,0.0,8.3,439,1.0,0.0,Berlin,30105.58
0.0,1.0,0.0,0.0,0.0,0.0,1.0,0.0,0.0,0.0,0.0,0.0,0.0,0.0,0.0,0.0,0.0,0.0,0.0,0.0,0.0,0.0,0.0,0.0,0.0,0.0,0.0,0.0,2012,12,10437,Bajo,0.0,0.0,0.0,1.0,11.5,386,1.0,0.0,Frankfurt,72681.17
0.0,0.0,0.0,0.0,1.0,0.0,0.0,0.0,0.0,0.0,0.0,0.0,0.0,0.0,0.0,0.0,0.0,0.0,0.0,0.0,1.0,0.0,0.0,0.0,0.0,0.0,0.0,0.0,2017,7,73433,Bajo,0.0,1.0,0.0,0.0,7.3,129,0.0,1.0,Berlin,64944.09
0.0,0.0,0.0,0.0,0.0,1.0,0.0,0.0,0.0,0.0,0.0,0.0,0.0,0.0,0.0,0.0,0.0,1.0,0.0,0.0,0.0,0.0,0.0,0.0,0.0,0.0,0.0,0.0,2021,3,178738,Medio,0.0,1.0,0.0,0.0,3.5,113,1.0,0.0,Hamburg,7626.28
0.0,1.0,0.0,0.0,0.0,0.0,0.0,0.0,0.0,0.0,0.0,0.0,0.0,0.0,0.0,0.0,0.0,0.0,0.0,0.0,0.0,0.0,0.0,0.0,0.0,0.0,0.0,1.0,2013,11,230931,Alto,0.0,0.0,0.0,1.0,3.5,482,1.0,0.0,Cologne,9454.34
1.0,0.0,0.0,0.0,0.0,0.0,0.0,0.0,0.0,0.0,0.0,0.0,0.0,0.0,0.0,0.0,0.0,0.0,0.0,0.0,0.0,0.0,0.0,1.0,0.0,0.0,0.0,0.0,2007,17,159700,Medio,0.0,0.0,0.0,1.0,3.7,144,0.0,1.0,Frankfurt,43154.39
0.0,0.0,0.0,1.0,0.0,0.0,0.0,0.0,0.0,0.0,1.0,0.0,0.0,0.0,0.0,0.0,0.0,0.0,0.0,0.0,0.0,0.0,0.0,0.0,0.0,0.0,0.0,0.0,2008,16,191145,Medio,0.0,0.0,0.0,1.0,11.0,305,1.0,0.0,Munich,53257.83
0.0,1.0,0.0,0.0,0.0,0.0,0.0,0.0,0.0,0.0,0.0,0.0,0.0,0.0,0.0,0.0,0.0,0.0,0.0,0.0,0.0,0.0,0.0,0.0,0.0,0.0,1.0,0.0,2018,6,293347,Alto,0.0,0.0,1.0,0.0,6.3,280,0.0,1.0,Hamburg,60246.78
0.0,0.0,0.0,1.0,0.0,0.0,0.0,0.0,0.0,0.0,0.0,0.0,0.0,1.0,0.0,0.0,0.0,0.0,0.0,0.0,0.0,0.0,0.0,0.0,0.0,0.0,0.0,0.0,2021,3,99926,Bajo,0.0,0.0,1.0,0.0,3.5,459,0.0,1.0,Berlin,69481.43
0.0,1.0,0.0,0.0,0.0,0.0,0.0,1.0,0.0,0.0,0.0,0.0,0.0,0.0,0.0,0.0,0.0,0.0,0.0,0.0,0.0,0.0,0.0,0.0,0.0,0.0,0.0,0.0,2019,5,13292,Bajo,0.0,0.0,0.0,1.0,11.1,197,1.0,0.0,Cologne,11252.24
0.0,0.0,0.0,0.0,1.0,0.0,0.0,0.0,0.0,0.0,0.0,0.0,1.0,0.0,0.0,0.0,0.0,0.0,0.0,0.0,0.0,0.0,0.0,0.0,0.0,0.0,0.0,0.0,2022,2,270037,Alto,0.0,0.0,0.0,1.0,10.5,307,1.0,0.0,Hamburg,18438.06
0.0,0.0,0.0,0.0,0.0,1.0,0.0,0.0,0.0,0.0,0.0,0.0,0.0,0.0,0.0,0.0,0.0,0.0,0.0,0.0,0.0,1.0,0.0,0.0,0.0,0.0,0.0,0.0,2014,10,47359,Bajo,1.0,0.0,0.0,0.0,5.5,331,0.0,1.0,Berlin,57749.55
0.0,1.0,0.0,0.0,0.0,0.0,1.0,0.0,0.0,0.0,0.0,0.0,0.0,0.0,0.0,0.0,0.0,0.0,0.0,0.0,0.0,0.0,0.0,0.0,0.0,0.0,0.0,0.0,2010,14,33691,Bajo,1.0,0.0,0.0,0.0,8.0,367,0.0,1.0,Cologne,24308.2
0.0,0.0,0.0,0.0,1.0,0.0,0.0,0.0,0.0,0.0,0.0,0.0,1.0,0.0,0.0,0.0,0.0,0.0,0.0,0.0,0.0,0.0,0.0,0.0,0.0,0.0,0.0,0.0,2016,8,127269,Medio,0.0,0.0,1.0,0.0,5.9,162,0.0,1.0,Hamburg,8195.02
0.0,0.0,1.0,0.0,0.0,0.0,0.0,0.0,0.0,0.0,0.0,0.0,0.0,0.0,0.0,0.0,1.0,0.0,0.0,0.0,0.0,0.0,0.0,0.0,0.0,0.0,0.0,0.0,2013,11,87280,Bajo,0.0,1.0,0.0,0.0,8.4,155,0.0,1.0,Frankfurt,27262.09
0.0,0.0,0.0,0.0,1.0,0.0,0.0,0.0,0.0,0.0,0.0,0.0,0.0,0.0,0.0,0.0,0.0,0.0,0.0,0.0,1.0,0.0,0.0,0.0,0.0,0.0,0.0,0.0,2006,18,111047,Medio,0.0,0.0,1.0,0.0,9.1,378,1.0,0.0,Cologne,46809.33
0.0,0.0,0.0,0.0,0.0,1.0,0.0,0.0,0.0,0.0,0.0,0.0,0.0,0.0,0.0,0.0,0.0,0.0,0.0,0.0,0.0,0.0,1.0,0.0,0.0,0.0,0.0,0.0,2017,7,267302,Alto,1.0,0.0,0.0,0.0,7.2,115,0.0,1.0,Cologne,59817.19
0.0,0.0,0.0,1.0,0.0,0.0,0.0,0.0,0.0,0.0,0.0,0.0,0.0,0.0,0.0,0.0,0.0,0.0,1.0,0.0,0.0,0.0,0.0,0.0,0.0,0.0,0.0,0.0,2014,10,70986,Bajo,0.0,0.0,1.0,0.0,4.9,102,0.0,1.0,Frankfurt,81634.86
0.0,0.0,0.0,1.0,0.0,0.0,0.0,0.0,0.0,0.0,1.0,0.0,0.0,0.0,0.0,0.0,0.0,0.0,0.0,0.0,0.0,0.0,0.0,0.0,0.0,0.0,0.0,0.0,2008,16,168183,Medio,0.0,1.0,0.0,0.0,4.9,331,0.0,1.0,Munich,24411.99
0.0,1.0,0.0,0.0,0.0,0.0,1.0,0.0,0.0,0.0,0.0,0.0,0.0,0.0,0.0,0.0,0.0,0.0,0.0,0.0,0.0,0.0,0.0,0.0,0.0,0.0,0.0,0.0,2010,14,209667,Alto,1.0,0.0,0.0,0.0,6.0,437,0.0,1.0,Cologne,99776.63
0.0,1.0,0.0,0.0,0.0,0.0,0.0,0.0,0.0,0.0,0.0,0.0,0.0,0.0,0.0,0.0,0.0,0.0,0.0,0.0,0.0,0.0,0.0,0.0,0.0,0.0,0.0,1.0,2005,19,45149,Bajo,0.0,0.0,0.0,1.0,5.1,401,0.0,1.0,Berlin,99339.9
0.0,0.0,0.0,0.0,1.0,0.0,0.0,0.0,0.0,0.0,0.0,0.0,0.0,0.0,0.0,0.0,0.0,0.0,0.0,1.0,0.0,0.0,0.0,0.0,0.0,0.0,0.0,0.0,2021,3,6221,Bajo,0.0,0.0,0.0,1.0,4.7,155,1.0,0.0,Munich,18776.95
0.0,0.0,0.0,0.0,0.0,1.0,0.0,0.0,0.0,0.0,0.0,0.0,0.0,0.0,0.0,0.0,0.0,0.0,0.0,0.0,0.0,1.0,0.0,0.0,0.0,0.0,0.0,0.0,2018,6,142241,Medio,0.0,1.0,0.0,0.0,8.8,500,1.0,0.0,Berlin,14487.3
0.0,0.0,0.0,0.0,0.0,1.0,0.0,0.0,0.0,0.0,0.0,0.0,0.0,0.0,0.0,0.0,0.0,0.0,0.0,0.0,0.0,1.0,0.0,0.0,0.0,0.0,0.0,0.0,2020,4,114343,Medio,0.0,0.0,1.0,0.0,7.0,163,0.0,1.0,Frankfurt,85556.58
0.0,1.0,0.0,0.0,0.0,0.0,0.0,0.0,0.0,0.0,0.0,0.0,0.0,0.0,0.0,0.0,0.0,0.0,0.0,0.0,0.0,0.0,0.0,0.0,0.0,0.0,0.0,1.0,2020,4,249083,Alto,0.0,0.0,0.0,1.0,8.5,91,0.0,1.0,Hamburg,93493.38
1.0,0.0,0.0,0.0,0.0,0.0,0.0,0.0,0.0,0.0,0.0,0.0,0.0,0.0,0.0,0.0,0.0,0.0,0.0,0.0,0.0,0.0,0.0,0.0,1.0,0.0,0.0,0.0,2018,6,63602,Bajo,0.0,0.0,1.0,0.0,5.8,230,1.0,0.0,Cologne,62809.41
0.0,1.0,0.0,0.0,0.0,0.0,0.0,0.0,0.0,0.0,0.0,0.0,0.0,0.0,0.0,0.0,0.0,0.0,0.0,0.0,0.0,0.0,0.0,0.0,0.0,0.0,1.0,0.0,2013,11,245817,Alto,0.0,1.0,0.0,0.0,9.8,473,1.0,0.0,Hamburg,31276.76
1.0,0.0,0.0,0.0,0.0,0.0,0.0,0.0,1.0,0.0,0.0,0.0,0.0,0.0,0.0,0.0,0.0,0.0,0.0,0.0,0.0,0.0,0.0,0.0,0.0,0.0,0.0,0.0,2022,2,39992,Bajo,0.0,0.0,0.0,1.0,6.9,380,0.0,1.0,Hamburg,23798.81
0.0,0.0,0.0,0.0,0.0,1.0,0.0,0.0,0.0,0.0,0.0,0.0,0.0,0.0,0.0,0.0,0.0,0.0,0.0,0.0,0.0,0.0,1.0,0.0,0.0,0.0,0.0,0.0,2017,7,68631,Bajo,0.0,1.0,0.0,0.0,9.4,262,0.0,1.0,Munich,71334.54
0.0,0.0,0.0,0.0,0.0,1.0,0.0,0.0,0.0,0.0,0.0,0.0,0.0,0.0,0.0,0.0,0.0,0.0,0.0,0.0,0.0,0.0,1.0,0.0,0.0,0.0,0.0,0.0,2023,1,269835,Alto,0.0,0.0,0.0,1.0,12.0,74,0.0,1.0,Hamburg,98338.06
0.0,1.0,0.0,0.0,0.0,0.0,0.0,0.0,0.0,0.0,0.0,0.0,0.0,0.0,0.0,0.0,0.0,0.0,0.0,0.0,0.0,0.0,0.0,0.0,0.0,0.0,1.0,0.0,2008,16,253282,Alto,0.0,0.0,0.0,1.0,6.8,355,0.0,1.0,Berlin,95511.85
0.0,0.0,0.0,0.0,0.0,1.0,0.0,0.0,0.0,0.0,0.0,0.0,0.0,0.0,0.0,0.0,0.0,0.0,0.0,0.0,0.0,0.0,0.0,0.0,0.0,1.0,0.0,0.0,2015,9,199637,Medio,0.0,1.0,0.0,0.0,11.7,294,1.0,0.0,Frankfurt,98977.79
0.0,0.0,0.0,0.0,1.0,0.0,0.0,0.0,0.0,0.0,0.0,0.0,0.0,0.0,0.0,0.0,0.0,0.0,0.0,0.0,1.0,0.0,0.0,0.0,0.0,0.0,0.0,0.0,2013,11,273157,Alto,0.0,1.0,0.0,0.0,7.3,267,0.0,1.0,Hamburg,94733.35
0.0,0.0,1.0,0.0,0.0,0.0,0.0,0.0,0.0,0.0,0.0,0.0,0.0,0.0,1.0,0.0,0.0,0.0,0.0,0.0,0.0,0.0,0.0,0.0,0.0,0.0,0.0,0.0,2007,17,14163,Bajo,0.0,0.0,0.0,1.0,3.7,147,1.0,0.0,Cologne,93482.13
0.0,0.0,0.0,0.0,1.0,0.0,0.0,0.0,0.0,0.0,0.0,0.0,0.0,0.0,0.0,0.0,0.0,0.0,0.0,0.0,1.0,0.0,0.0,0.0,0.0,0.0,0.0,0.0,2010,14,130058,Medio,0.0,0.0,0.0,1.0,6.0,257,1.0,0.0,Cologne,23584.19
0.0,0.0,0.0,1.0,0.0,0.0,0.0,0.0,0.0,0.0,1.0,0.0,0.0,0.0,0.0,0.0,0.0,0.0,0.0,0.0,0.0,0.0,0.0,0.0,0.0,0.0,0.0,0.0,2023,1,278540,Alto,0.0,1.0,0.0,0.0,6.4,79,1.0,0.0,Frankfurt,5395.3
0.0,0.0,1.0,0.0,0.0,0.0,0.0,0.0,0.0,0.0,0.0,1.0,0.0,0.0,0.0,0.0,0.0,0.0,0.0,0.0,0.0,0.0,0.0,0.0,0.0,0.0,0.0,0.0,2007,17,126656,Medio,0.0,0.0,0.0,1.0,10.6,70,0.0,1.0,Cologne,37456.72
0.0,0.0,0.0,0.0,0.0,1.0,0.0,0.0,0.0,0.0,0.0,0.0,0.0,0.0,0.0,0.0,0.0,0.0,0.0,0.0,0.0,0.0,1.0,0.0,0.0,0.0,0.0,0.0,2020,4,87505,Bajo,1.0,0.0,0.0,0.0,10.5,357,1.0,0.0,Hamburg,25343.27
0.0,0.0,1.0,0.0,0.0,0.0,0.0,0.0,0.0,0.0,0.0,0.0,0.0,0.0,1.0,0.0,0.0,0.0,0.0,0.0,0.0,0.0,0.0,0.0,0.0,0.0,0.0,0.0,2020,4,244261,Alto,0.0,0.0,1.0,0.0,10.0,434,1.0,0.0,Cologne,39466.97
0.0,0.0,1.0,0.0,0.0,0.0,0.0,0.0,0.0,0.0,0.0,0.0,0.0,0.0,0.0,1.0,0.0,0.0,0.0,0.0,0.0,0.0,0.0,0.0,0.0,0.0,0.0,0.0,2006,18,191519,Medio,0.0,0.0,0.0,1.0,6.7,241,0.0,1.0,Berlin,15221.23
0.0,0.0,0.0,0.0,1.0,0.0,0.0,0.0,0.0,0.0,0.0,0.0,1.0,0.0,0.0,0.0,0.0,0.0,0.0,0.0,0.0,0.0,0.0,0.0,0.0,0.0,0.0,0.0,2007,17,207921,Alto,0.0,0.0,1.0,0.0,12.0,309,1.0,0.0,Frankfurt,58712.65
0.0,1.0,0.0,0.0,0.0,0.0,1.0,0.0,0.0,0.0,0.0,0.0,0.0,0.0,0.0,0.0,0.0,0.0,0.0,0.0,0.0,0.0,0.0,0.0,0.0,0.0,0.0,0.0,2021,3,298026,Alto,0.0,0.0,0.0,1.0,10.4,136,0.0,1.0,Munich,39084.72
0.0,0.0,0.0,0.0,0.0,1.0,0.0,0.0,0.0,0.0,0.0,0.0,0.0,0.0,0.0,0.0,0.0,0.0,0.0,0.0,0.0,0.0,0.0,0.0,0.0,1.0,0.0,0.0,2021,3,299573,Alto,0.0,1.0,0.0,0.0,5.9,308,1.0,0.0,Munich,68719.82
0.0,0.0,0.0,1.0,0.0,0.0,0.0,0.0,0.0,0.0,0.0,0.0,0.0,1.0,0.0,0.0,0.0,0.0,0.0,0.0,0.0,0.0,0.0,0.0,0.0,0.0,0.0,0.0,2017,7,296420,Alto,1.0,0.0,0.0,0.0,7.8,436,0.0,1.0,Frankfurt,5606.74
0.0,1.0,0.0,0.0,0.0,0.0,0.0,0.0,0.0,0.0,0.0,0.0,0.0,0.0,0.0,0.0,0.0,0.0,0.0,0.0,0.0,0.0,0.0,0.0,0.0,0.0,0.0,1.0,2013,11,212247,Alto,0.0,0.0,1.0,0.0,10.4,230,0.0,1.0,Berlin,67408.0
0.0,0.0,0.0,0.0,1.0,0.0,0.0,0.0,0.0,0.0,0.0,0.0,1.0,0.0,0.0,0.0,0.0,0.0,0.0,0.0,0.0,0.0,0.0,0.0,0.0,0.0,0.0,0.0,2007,17,141305,Medio,1.0,0.0,0.0,0.0,5.5,393,0.0,1.0,Hamburg,30502.69
0.0,1.0,0.0,0.0,0.0,0.0,1.0,0.0,0.0,0.0,0.0,0.0,0.0,0.0,0.0,0.0,0.0,0.0,0.0,0.0,0.0,0.0,0.0,0.0,0.0,0.0,0.0,0.0,2011,13,101710,Medio,1.0,0.0,0.0,0.0,5.3,122,0.0,1.0,Munich,93393.86
0.0,0.0,0.0,0.0,0.0,1.0,0.0,0.0,0.0,0.0,0.0,0.0,0.0,0.0,0.0,0.0,0.0,0.0,0.0,0.0,0.0,1.0,0.0,0.0,0.0,0.0,0.0,0.0,2014,10,230727,Alto,0.0,0.0,0.0,1.0,5.1,353,0.0,1.0,Berlin,10257.01
1.0,0.0,0.0,0.0,0.0,0.0,0.0,0.0,0.0,1.0,0.0,0.0,0.0,0.0,0.0,0.0,0.0,0.0,0.0,0.0,0.0,0.0,0.0,0.0,0.0,0.0,0.0,0.0,2015,9,259313,Alto,0.0,0.0,0.0,1.0,11.9,209,1.0,0.0,Berlin,41826.2
0.0,0.0,0.0,1.0,0.0,0.0,0.0,0.0,0.0,0.0,1.0,0.0,0.0,0.0,0.0,0.0,0.0,0.0,0.0,0.0,0.0,0.0,0.0,0.0,0.0,0.0,0.0,0.0,2009,15,77252,Bajo,1.0,0.0,0.0,0.0,8.6,207,0.0,1.0,Hamburg,82915.93
1.0,0.0,0.0,0.0,0.0,0.0,0.0,0.0,0.0,0.0,0.0,0.0,0.0,0.0,0.0,0.0,0.0,0.0,0.0,0.0,0.0,0.0,0.0,1.0,0.0,0.0,0.0,0.0,2013,11,128554,Medio,0.0,0.0,1.0,0.0,3.2,234,0.0,1.0,Berlin,27994.7
0.0,0.0,1.0,0.0,0.0,0.0,0.0,0.0,0.0,0.0,0.0,0.0,0.0,0.0,0.0,0.0,1.0,0.0,0.0,0.0,0.0,0.0,0.0,0.0,0.0,0.0,0.0,0.0,2015,9,275719,Alto,0.0,0.0,0.0,1.0,3.4,300,0.0,1.0,Hamburg,66245.25
0.0,0.0,0.0,0.0,0.0,1.0,0.0,0.0,0.0,0.0,0.0,0.0,0.0,0.0,0.0,0.0,0.0,0.0,0.0,0.0,0.0,0.0,0.0,0.0,0.0,1.0,0.0,0.0,2012,12,72882,Bajo,0.0,0.0,1.0,0.0,8.1,426,0.0,1.0,Berlin,60053.64
0.0,0.0,1.0,0.0,0.0,0.0,0.0,0.0,0.0,0.0,0.0,0.0,0.0,0.0,0.0,1.0,0.0,0.0,0.0,0.0,0.0,0.0,0.0,0.0,0.0,0.0,0.0,0.0,2020,4,63164,Bajo,0.0,1.0,0.0,0.0,11.4,398,0.0,1.0,Berlin,23319.44
0.0,0.0,0.0,1.0,0.0,0.0,0.0,0.0,0.0,0.0,1.0,0.0,0.0,0.0,0.0,0.0,0.0,0.0,0.0,0.0,0.0,0.0,0.0,0.0,0.0,0.0,0.0,0.0,2009,15,272998,Alto,0.0,1.0,0.0,0.0,10.7,240,0.0,1.0,Hamburg,65440.79
0.0,0.0,0.0,1.0,0.0,0.0,0.0,0.0,0.0,0.0,0.0,0.0,0.0,1.0,0.0,0.0,0.0,0.0,0.0,0.0,0.0,0.0,0.0,0.0,0.0,0.0,0.0,0.0,2016,8,80695,Bajo,0.0,0.0,1.0,0.0,10.6,312,0.0,1.0,Munich,59778.37
0.0,0.0,1.0,0.0,0.0,0.0,0.0,0.0,0.0,0.0,0.0,0.0,0.0,0.0,0.0,1.0,0.0,0.0,0.0,0.0,0.0,0.0,0.0,0.0,0.0,0.0,0.0,0.0,2016,8,67222,Bajo,1.0,0.0,0.0,0.0,4.7,220,0.0,1.0,Cologne,33754.27
0.0,1.0,0.0,0.0,0.0,0.0,0.0,1.0,0.0,0.0,0.0,0.0,0.0,0.0,0.0,0.0,0.0,0.0,0.0,0.0,0.0,0.0,0.0,0.0,0.0,0.0,0.0,0.0,2007,17,64025,Bajo,0.0,0.0,1.0,0.0,11.3,323,0.0,1.0,Munich,7313.72
0.0,0.0,0.0,0.0,1.0,0.0,0.0,0.0,0.0,0.0,0.0,0.0,1.0,0.0,0.0,0.0,0.0,0.0,0.0,0.0,0.0,0.0,0.0,0.0,0.0,0.0,0.0,0.0,2020,4,269559,Alto,0.0,0.0,1.0,0.0,8.5,271,1.0,0.0,Hamburg,8763.0
0.0,0.0,0.0,1.0,0.0,0.0,0.0,0.0,0.0,0.0,0.0,0.0,0.0,0.0,0.0,0.0,0.0,0.0,1.0,0.0,0.0,0.0,0.0,0.0,0.0,0.0,0.0,0.0,2007,17,265274,Alto,0.0,0.0,1.0,0.0,11.4,222,0.0,1.0,Hamburg,74488.28
0.0,0.0,0.0,0.0,0.0,1.0,0.0,0.0,0.0,0.0,0.0,0.0,0.0,0.0,0.0,0.0,0.0,1.0,0.0,0.0,0.0,0.0,0.0,0.0,0.0,0.0,0.0,0.0,2018,6,223481,Alto,0.0,0.0,1.0,0.0,11.1,222,1.0,0.0,Hamburg,87213.38
0.0,1.0,0.0,0.0,0.0,0.0,0.0,1.0,0.0,0.0,0.0,0.0,0.0,0.0,0.0,0.0,0.0,0.0,0.0,0.0,0.0,0.0,0.0,0.0,0.0,0.0,0.0,0.0,2018,6,258142,Alto,0.0,0.0,1.0,0.0,8.3,336,0.0,1.0,Frankfurt,64580.79
0.0,0.0,0.0,0.0,0.0,1.0,0.0,0.0,0.0,0.0,0.0,0.0,0.0,0.0,0.0,0.0,0.0,0.0,0.0,0.0,0.0,0.0,0.0,0.0,0.0,1.0,0.0,0.0,2007,17,17457,Bajo,0.0,0.0,1.0,0.0,6.7,488,1.0,0.0,Berlin,40194.66
1.0,0.0,0.0,0.0,0.0,0.0,0.0,0.0,1.0,0.0,0.0,0.0,0.0,0.0,0.0,0.0,0.0,0.0,0.0,0.0,0.0,0.0,0.0,0.0,0.0,0.0,0.0,0.0,2018,6,251464,Alto,0.0,1.0,0.0,0.0,3.0,294,0.0,1.0,Hamburg,95562.79
0.0,0.0,0.0,0.0,1.0,0.0,0.0,0.0,0.0,0.0,0.0,0.0,1.0,0.0,0.0,0.0,0.0,0.0,0.0,0.0,0.0,0.0,0.0,0.0,0.0,0.0,0.0,0.0,2017,7,288241,Alto,0.0,0.0,0.0,1.0,5.0,248,0.0,1.0,Frankfurt,22322.86
0.0,0.0,1.0,0.0,0.0,0.0,0.0,0.0,0.0,0.0,0.0,0.0,0.0,0.0,0.0,1.0,0.0,0.0,0.0,0.0,0.0,0.0,0.0,0.0,0.0,0.0,0.0,0.0,2021,3,298078,Alto,1.0,0.0,0.0,0.0,8.8,266,1.0,0.0,Frankfurt,54686.72
1.0,0.0,0.0,0.0,0.0,0.0,0.0,0.0,1.0,0.0,0.0,0.0,0.0,0.0,0.0,0.0,0.0,0.0,0.0,0.0,0.0,0.0,0.0,0.0,0.0,0.0,0.0,0.0,2007,17,118711,Medio,0.0,1.0,0.0,0.0,5.0,499,1.0,0.0,Munich,17193.24
0.0,0.0,1.0,0.0,0.0,0.0,0.0,0.0,0.0,0.0,0.0,0.0,0.0,0.0,0.0,1.0,0.0,0.0,0.0,0.0,0.0,0.0,0.0,0.0,0.0,0.0,0.0,0.0,2013,11,193187,Medio,0.0,0.0,0.0,1.0,10.1,383,0.0,1.0,Cologne,69154.03
0.0,0.0,0.0,0.0,0.0,1.0,0.0,0.0,0.0,0.0,0.0,0.0,0.0,0.0,0.0,0.0,0.0,0.0,0.0,0.0,0.0,0.0,0.0,0.0,0.0,1.0,0.0,0.0,2017,7,39037,Bajo,0.0,1.0,0.0,0.0,5.5,130,0.0,1.0,Munich,92875.45
0.0,0.0,0.0,0.0,1.0,0.0,0.0,0.0,0.0,0.0,0.0,0.0,0.0,0.0,0.0,0.0,0.0,0.0,0.0,1.0,0.0,0.0,0.0,0.0,0.0,0.0,0.0,0.0,2008,16,131157,Medio,0.0,1.0,0.0,0.0,5.7,268,1.0,0.0,Cologne,61750.01
0.0,0.0,0.0,0.0,0.0,1.0,0.0,0.0,0.0,0.0,0.0,0.0,0.0,0.0,0.0,0.0,0.0,0.0,0.0,0.0,0.0,0.0,1.0,0.0,0.0,0.0,0.0,0.0,2006,18,271765,Alto,0.0,1.0,0.0,0.0,5.5,336,1.0,0.0,Hamburg,10495.88
0.0,1.0,0.0,0.0,0.0,0.0,0.0,1.0,0.0,0.0,0.0,0.0,0.0,0.0,0.0,0.0,0.0,0.0,0.0,0.0,0.0,0.0,0.0,0.0,0.0,0.0,0.0,0.0,2012,12,281688,Alto,0.0,0.0,1.0,0.0,3.3,249,1.0,0.0,Hamburg,11885.06
0.0,1.0,0.0,0.0,0.0,0.0,1.0,0.0,0.0,0.0,0.0,0.0,0.0,0.0,0.0,0.0,0.0,0.0,0.0,0.0,0.0,0.0,0.0,0.0,0.0,0.0,0.0,0.0,2016,8,42362,Bajo,0.0,0.0,0.0,1.0,11.2,256,1.0,0.0,Frankfurt,19324.13
0.0,0.0,0.0,1.0,0.0,0.0,0.0,0.0,0.0,0.0,0.0,0.0,0.0,1.0,0.0,0.0,0.0,0.0,0.0,0.0,0.0,0.0,0.0,0.0,0.0,0.0,0.0,0.0,2021,3,227414,Alto,0.0,1.0,0.0,0.0,3.5,80,0.0,1.0,Cologne,8323.98
1.0,0.0,0.0,0.0,0.0,0.0,0.0,0.0,0.0,1.0,0.0,0.0,0.0,0.0,0.0,0.0,0.0,0.0,0.0,0.0,0.0,0.0,0.0,0.0,0.0,0.0,0.0,0.0,2005,19,293319,Alto,1.0,0.0,0.0,0.0,4.0,200,0.0,1.0,Berlin,43561.13
0.0,1.0,0.0,0.0,0.0,0.0,0.0,1.0,0.0,0.0,0.0,0.0,0.0,0.0,0.0,0.0,0.0,0.0,0.0,0.0,0.0,0.0,0.0,0.0,0.0,0.0,0.0,0.0,2016,8,114598,Medio,1.0,0.0,0.0,0.0,4.8,242,1.0,0.0,Hamburg,63850.85
1.0,0.0,0.0,0.0,0.0,0.0,0.0,0.0,0.0,1.0,0.0,0.0,0.0,0.0,0.0,0.0,0.0,0.0,0.0,0.0,0.0,0.0,0.0,0.0,0.0,0.0,0.0,0.0,2011,13,202328,Alto,0.0,1.0,0.0,0.0,3.3,385,0.0,1.0,Munich,99612.8
0.0,0.0,1.0,0.0,0.0,0.0,0.0,0.0,0.0,0.0,0.0,1.0,0.0,0.0,0.0,0.0,0.0,0.0,0.0,0.0,0.0,0.0,0.0,0.0,0.0,0.0,0.0,0.0,2022,2,281787,Alto,1.0,0.0,0.0,0.0,10.3,144,0.0,1.0,Cologne,86472.46
0.0,0.0,0.0,0.0,0.0,1.0,0.0,0.0,0.0,0.0,0.0,0.0,0.0,0.0,0.0,0.0,0.0,0.0,0.0,0.0,0.0,0.0,0.0,0.0,0.0,1.0,0.0,0.0,2010,14,22105,Bajo,0.0,0.0,1.0,0.0,7.2,384,1.0,0.0,Frankfurt,72101.87
0.0,0.0,0.0,1.0,0.0,0.0,0.0,0.0,0.0,0.0,0.0,0.0,0.0,1.0,0.0,0.0,0.0,0.0,0.0,0.0,0.0,0.0,0.0,0.0,0.0,0.0,0.0,0.0,2007,17,187490,Medio,0.0,0.0,0.0,1.0,7.0,189,0.0,1.0,Berlin,92399.5
0.0,0.0,0.0,0.0,0.0,1.0,0.0,0.0,0.0,0.0,0.0,0.0,0.0,0.0,0.0,0.0,0.0,1.0,0.0,0.0,0.0,0.0,0.0,0.0,0.0,0.0,0.0,0.0,2015,9,202500,Alto,0.0,1.0,0.0,0.0,10.5,166,1.0,0.0,Berlin,6465.92
0.0,0.0,1.0,0.0,0.0,0.0,0.0,0.0,0.0,0.0,0.0,0.0,0.0,0.0,0.0,0.0,1.0,0.0,0.0,0.0,0.0,0.0,0.0,0.0,0.0,0.0,0.0,0.0,2018,6,170760,Medio,0.0,1.0,0.0,0.0,11.4,432,1.0,0.0,Cologne,52306.22
0.0,1.0,0.0,0.0,0.0,0.0,1.0,0.0,0.0,0.0,0.0,0.0,0.0,0.0,0.0,0.0,0.0,0.0,0.0,0.0,0.0,0.0,0.0,0.0,0.0,0.0,0.0,0.0,2017,7,37153,Bajo,1.0,0.0,0.0,0.0,6.0,307,1.0,0.0,Hamburg,29645.77
0.0,0.0,1.0,0.0,0.0,0.0,0.0,0.0,0.0,0.0,0.0,0.0,0.0,0.0,1.0,0.0,0.0,0.0,0.0,0.0,0.0,0.0,0.0,0.0,0.0,0.0,0.0,0.0,2018,6,277922,Alto,1.0,0.0,0.0,0.0,5.8,235,0.0,1.0,Hamburg,71950.8
1.0,0.0,0.0,0.0,0.0,0.0,0.0,0.0,0.0,0.0,0.0,0.0,0.0,0.0,0.0,0.0,0.0,0.0,0.0,0.0,0.0,0.0,0.0,1.0,0.0,0.0,0.0,0.0,2014,10,226416,Alto,0.0,1.0,0.0,0.0,11.8,189,1.0,0.0,Berlin,11698.48
1.0,0.0,0.0,0.0,0.0,0.0,0.0,0.0,0.0,0.0,0.0,0.0,0.0,0.0,0.0,0.0,0.0,0.0,0.0,0.0,0.0,0.0,0.0,0.0,1.0,0.0,0.0,0.0,2023,1,146989,Medio,0.0,0.0,1.0,0.0,3.9,391,0.0,1.0,Berlin,29313.53
0.0,0.0,0.0,0.0,1.0,0.0,0.0,0.0,0.0,0.0,0.0,0.0,0.0,0.0,0.0,0.0,0.0,0.0,0.0,1.0,0.0,0.0,0.0,0.0,0.0,0.0,0.0,0.0,2009,15,215632,Alto,0.0,1.0,0.0,0.0,4.0,369,1.0,0.0,Cologne,82846.02
0.0,0.0,0.0,0.0,1.0,0.0,0.0,0.0,0.0,0.0,0.0,0.0,0.0,0.0,0.0,0.0,0.0,0.0,0.0,0.0,1.0,0.0,0.0,0.0,0.0,0.0,0.0,0.0,2021,3,141246,Medio,0.0,1.0,0.0,0.0,5.8,457,0.0,1.0,Hamburg,63851.32
0.0,0.0,0.0,1.0,0.0,0.0,0.0,0.0,0.0,0.0,0.0,0.0,0.0,1.0,0.0,0.0,0.0,0.0,0.0,0.0,0.0,0.0,0.0,0.0,0.0,0.0,0.0,0.0,2018,6,35740,Bajo,0.0,0.0,0.0,1.0,9.6,359,1.0,0.0,Frankfurt,43999.41
0.0,0.0,0.0,0.0,0.0,1.0,0.0,0.0,0.0,0.0,0.0,0.0,0.0,0.0,0.0,0.0,0.0,0.0,0.0,0.0,0.0,0.0,0.0,0.0,0.0,1.0,0.0,0.0,2015,9,276205,Alto,0.0,0.0,1.0,0.0,4.4,323,0.0,1.0,Berlin,87091.73
0.0,1.0,0.0,0.0,0.0,0.0,1.0,0.0,0.0,0.0,0.0,0.0,0.0,0.0,0.0,0.0,0.0,0.0,0.0,0.0,0.0,0.0,0.0,0.0,0.0,0.0,0.0,0.0,2012,12,253875,Alto,1.0,0.0,0.0,0.0,10.0,323,0.0,1.0,Berlin,96051.23
1.0,0.0,0.0,0.0,0.0,0.0,0.0,0.0,0.0,0.0,0.0,0.0,0.0,0.0,0.0,0.0,0.0,0.0,0.0,0.0,0.0,0.0,0.0,0.0,1.0,0.0,0.0,0.0,2005,19,171702,Medio,0.0,1.0,0.0,0.0,6.2,268,0.0,1.0,Munich,91616.06
1.0,0.0,0.0,0.0,0.0,0.0,0.0,0.0,0.0,0.0,0.0,0.0,0.0,0.0,0.0,0.0,0.0,0.0,0.0,0.0,0.0,0.0,0.0,0.0,1.0,0.0,0.0,0.0,2017,7,184906,Medio,1.0,0.0,0.0,0.0,5.6,432,0.0,1.0,Hamburg,63804.59
0.0,0.0,0.0,1.0,0.0,0.0,0.0,0.0,0.0,0.0,0.0,0.0,0.0,1.0,0.0,0.0,0.0,0.0,0.0,0.0,0.0,0.0,0.0,0.0,0.0,0.0,0.0,0.0,2020,4,115150,Medio,1.0,0.0,0.0,0.0,4.1,436,0.0,1.0,Frankfurt,67236.99
0.0,1.0,0.0,0.0,0.0,0.0,0.0,0.0,0.0,0.0,0.0,0.0,0.0,0.0,0.0,0.0,0.0,0.0,0.0,0.0,0.0,0.0,0.0,0.0,0.0,0.0,1.0,0.0,2009,15,270154,Alto,1.0,0.0,0.0,0.0,3.6,232,1.0,0.0,Cologne,70081.78
0.0,0.0,0.0,0.0,0.0,1.0,0.0,0.0,0.0,0.0,0.0,0.0,0.0,0.0,0.0,0.0,0.0,0.0,0.0,0.0,0.0,0.0,0.0,0.0,0.0,1.0,0.0,0.0,2016,8,196748,Medio,0.0,1.0,0.0,0.0,9.8,356,0.0,1.0,Berlin,57088.37
0.0,0.0,0.0,1.0,0.0,0.0,0.0,0.0,0.0,0.0,0.0,0.0,0.0,0.0,0.0,0.0,0.0,0.0,1.0,0.0,0.0,0.0,0.0,0.0,0.0,0.0,0.0,0.0,2023,1,271245,Alto,0.0,0.0,0.0,1.0,10.1,334,0.0,1.0,Cologne,64672.39
1.0,0.0,0.0,0.0,0.0,0.0,0.0,0.0,0.0,0.0,0.0,0.0,0.0,0.0,0.0,0.0,0.0,0.0,0.0,0.0,0.0,0.0,0.0,0.0,1.0,0.0,0.0,0.0,2019,5,289428,Alto,0.0,1.0,0.0,0.0,5.9,394,0.0,1.0,Frankfurt,57825.38
0.0,0.0,1.0,0.0,0.0,0.0,0.0,0.0,0.0,0.0,0.0,1.0,0.0,0.0,0.0,0.0,0.0,0.0,0.0,0.0,0.0,0.0,0.0,0.0,0.0,0.0,0.0,0.0,2008,16,103652,Medio,0.0,0.0,1.0,0.0,5.7,464,0.0,1.0,Frankfurt,36282.23
0.0,0.0,0.0,0.0,1.0,0.0,0.0,0.0,0.0,0.0,0.0,0.0,0.0,0.0,0.0,0.0,0.0,0.0,0.0,0.0,1.0,0.0,0.0,0.0,0.0,0.0,0.0,0.0,2009,15,62416,Bajo,1.0,0.0,0.0,0.0,11.1,366,1.0,0.0,Cologne,53136.2
0.0,0.0,0.0,1.0,0.0,0.0,0.0,0.0,0.0,0.0,0.0,0.0,0.0,0.0,0.0,0.0,0.0,0.0,1.0,0.0,0.0,0.0,0.0,0.0,0.0,0.0,0.0,0.0,2010,14,198211,Medio,0.0,0.0,0.0,1.0,8.8,332,1.0,0.0,Frankfurt,81351.08
0.0,0.0,0.0,0.0,0.0,1.0,0.0,0.0,0.0,0.0,0.0,0.0,0.0,0.0,0.0,0.0,0.0,0.0,0.0,0.0,0.0,0.0,1.0,0.0,0.0,0.0,0.0,0.0,2018,6,258765,Alto,1.0,0.0,0.0,0.0,5.2,136,1.0,0.0,Munich,81094.9
1.0,0.0,0.0,0.0,0.0,0.0,0.0,0.0,0.0,1.0,0.0,0.0,0.0,0.0,0.0,0.0,0.0,0.0,0.0,0.0,0.0,0.0,0.0,0.0,0.0,0.0,0.0,0.0,2008,16,162449,Medio,0.0,0.0,0.0,1.0,3.9,109,1.0,0.0,Frankfurt,85714.85
1.0,0.0,0.0,0.0,0.0,0.0,0.0,0.0,0.0,1.0,0.0,0.0,0.0,0.0,0.0,0.0,0.0,0.0,0.0,0.0,0.0,0.0,0.0,0.0,0.0,0.0,0.0,0.0,2010,14,207278,Alto,0.0,0.0,0.0,1.0,11.7,163,0.0,1.0,Berlin,11463.14
0.0,0.0,0.0,1.0,0.0,0.0,0.0,0.0,0.0,0.0,0.0,0.0,0.0,0.0,0.0,0.0,0.0,0.0,1.0,0.0,0.0,0.0,0.0,0.0,0.0,0.0,0.0,0.0,2009,15,96784,Bajo,1.0,0.0,0.0,0.0,9.8,464,0.0,1.0,Cologne,80380.85
1.0,0.0,0.0,0.0,0.0,0.0,0.0,0.0,0.0,1.0,0.0,0.0,0.0,0.0,0.0,0.0,0.0,0.0,0.0,0.0,0.0,0.0,0.0,0.0,0.0,0.0,0.0,0.0,2019,5,152969,Medio,1.0,0.0,0.0,0.0,10.1,485,1.0,0.0,Berlin,64408.25
0.0,1.0,0.0,0.0,0.0,0.0,1.0,0.0,0.0,0.0,0.0,0.0,0.0,0.0,0.0,0.0,0.0,0.0,0.0,0.0,0.0,0.0,0.0,0.0,0.0,0.0,0.0,0.0,2016,8,140344,Medio,0.0,0.0,1.0,0.0,3.1,372,1.0,0.0,Frankfurt,26829.26
0.0,0.0,0.0,1.0,0.0,0.0,0.0,0.0,0.0,0.0,1.0,0.0,0.0,0.0,0.0,0.0,0.0,0.0,0.0,0.0,0.0,0.0,0.0,0.0,0.0,0.0,0.0,0.0,2019,5,69055,Bajo,0.0,1.0,0.0,0.0,4.0,446,0.0,1.0,Berlin,78195.01
1.0,0.0,0.0,0.0,0.0,0.0,0.0,0.0,0.0,1.0,0.0,0.0,0.0,0.0,0.0,0.0,0.0,0.0,0.0,0.0,0.0,0.0,0.0,0.0,0.0,0.0,0.0,0.0,2021,3,242055,Alto,0.0,0.0,1.0,0.0,7.3,261,1.0,0.0,Cologne,19994.88
0.0,0.0,0.0,0.0,1.0,0.0,0.0,0.0,0.0,0.0,0.0,0.0,0.0,0.0,0.0,0.0,0.0,0.0,0.0,0.0,1.0,0.0,0.0,0.0,0.0,0.0,0.0,0.0,2007,17,187427,Medio,0.0,1.0,0.0,0.0,8.6,313,0.0,1.0,Munich,58001.01
0.0,0.0,1.0,0.0,0.0,0.0,0.0,0.0,0.0,0.0,0.0,0.0,0.0,0.0,1.0,0.0,0.0,0.0,0.0,0.0,0.0,0.0,0.0,0.0,0.0,0.0,0.0,0.0,2016,8,58012,Bajo,0.0,1.0,0.0,0.0,3.4,361,1.0,0.0,Cologne,26091.27
0.0,0.0,0.0,0.0,0.0,1.0,0.0,0.0,0.0,0.0,0.0,0.0,0.0,0.0,0.0,0.0,0.0,0.0,0.0,0.0,0.0,0.0,1.0,0.0,0.0,0.0,0.0,0.0,2011,13,31356,Bajo,0.0,0.0,1.0,0.0,4.4,330,0.0,1.0,Frankfurt,75360.15
0.0,0.0,0.0,0.0,0.0,1.0,0.0,0.0,0.0,0.0,0.0,0.0,0.0,0.0,0.0,0.0,0.0,0.0,0.0,0.0,0.0,0.0,0.0,0.0,0.0,1.0,0.0,0.0,2018,6,95845,Bajo,1.0,0.0,0.0,0.0,6.2,274,1.0,0.0,Hamburg,64878.64
0.0,0.0,1.0,0.0,0.0,0.0,0.0,0.0,0.0,0.0,0.0,1.0,0.0,0.0,0.0,0.0,0.0,0.0,0.0,0.0,0.0,0.0,0.0,0.0,0.0,0.0,0.0,0.0,2005,19,294457,Alto,1.0,0.0,0.0,0.0,3.2,177,1.0,0.0,Munich,48658.64
0.0,0.0,0.0,1.0,0.0,0.0,0.0,0.0,0.0,0.0,1.0,0.0,0.0,0.0,0.0,0.0,0.0,0.0,0.0,0.0,0.0,0.0,0.0,0.0,0.0,0.0,0.0,0.0,2022,2,40827,Bajo,0.0,0.0,0.0,1.0,9.7,172,1.0,0.0,Frankfurt,92934.06
0.0,1.0,0.0,0.0,0.0,0.0,1.0,0.0,0.0,0.0,0.0,0.0,0.0,0.0,0.0,0.0,0.0,0.0,0.0,0.0,0.0,0.0,0.0,0.0,0.0,0.0,0.0,0.0,2013,11,172323,Medio,0.0,0.0,1.0,0.0,10.4,221,1.0,0.0,Cologne,73192.27
0.0,0.0,0.0,1.0,0.0,0.0,0.0,0.0,0.0,0.0,0.0,0.0,0.0,1.0,0.0,0.0,0.0,0.0,0.0,0.0,0.0,0.0,0.0,0.0,0.0,0.0,0.0,0.0,2014,10,208216,Alto,0.0,0.0,1.0,0.0,4.3,132,1.0,0.0,Berlin,92844.11
0.0,0.0,0.0,0.0,0.0,1.0,0.0,0.0,0.0,0.0,0.0,0.0,0.0,0.0,0.0,0.0,0.0,1.0,0.0,0.0,0.0,0.0,0.0,0.0,0.0,0.0,0.0,0.0,2021,3,55648,Bajo,1.0,0.0,0.0,0.0,11.0,75,0.0,1.0,Munich,79340.09
1.0,0.0,0.0,0.0,0.0,0.0,0.0,0.0,0.0,1.0,0.0,0.0,0.0,0.0,0.0,0.0,0.0,0.0,0.0,0.0,0.0,0.0,0.0,0.0,0.0,0.0,0.0,0.0,2019,5,177310,Medio,0.0,0.0,1.0,0.0,8.7,169,1.0,0.0,Cologne,28214.55
0.0,0.0,1.0,0.0,0.0,0.0,0.0,0.0,0.0,0.0,0.0,1.0,0.0,0.0,0.0,0.0,0.0,0.0,0.0,0.0,0.0,0.0,0.0,0.0,0.0,0.0,0.0,0.0,2021,3,201297,Alto,0.0,0.0,1.0,0.0,5.2,387,1.0,0.0,Frankfurt,75127.58
1.0,0.0,0.0,0.0,0.0,0.0,0.0,0.0,1.0,0.0,0.0,0.0,0.0,0.0,0.0,0.0,0.0,0.0,0.0,0.0,0.0,0.0,0.0,0.0,0.0,0.0,0.0,0.0,2009,15,194057,Medio,1.0,0.0,0.0,0.0,6.3,447,0.0,1.0,Cologne,75007.7
0.0,1.0,0.0,0.0,0.0,0.0,0.0,0.0,0.0,0.0,0.0,0.0,0.0,0.0,0.0,0.0,0.0,0.0,0.0,0.0,0.0,0.0,0.0,0.0,0.0,0.0,0.0,1.0,2012,12,238845,Alto,0.0,1.0,0.0,0.0,5.3,315,0.0,1.0,Cologne,77122.38
0.0,0.0,1.0,0.0,0.0,0.0,0.0,0.0,0.0,0.0,0.0,0.0,0.0,0.0,0.0,1.0,0.0,0.0,0.0,0.0,0.0,0.0,0.0,0.0,0.0,0.0,0.0,0.0,2007,17,24139,Bajo,0.0,1.0,0.0,0.0,6.1,417,1.0,0.0,Berlin,97843.26
0.0,0.0,0.0,0.0,0.0,1.0,0.0,0.0,0.0,0.0,0.0,0.0,0.0,0.0,0.0,0.0,0.0,0.0,0.0,0.0,0.0,0.0,0.0,0.0,0.0,1.0,0.0,0.0,2023,1,217430,Alto,0.0,1.0,0.0,0.0,7.5,418,0.0,1.0,Hamburg,30628.84
0.0,1.0,0.0,0.0,0.0,0.0,0.0,0.0,0.0,0.0,0.0,0.0,0.0,0.0,0.0,0.0,0.0,0.0,0.0,0.0,0.0,0.0,0.0,0.0,0.0,0.0,0.0,1.0,2023,1,25954,Bajo,1.0,0.0,0.0,0.0,9.2,401,0.0,1.0,Hamburg,57332.14
0.0,0.0,1.0,0.0,0.0,0.0,0.0,0.0,0.0,0.0,0.0,0.0,0.0,0.0,0.0,1.0,0.0,0.0,0.0,0.0,0.0,0.0,0.0,0.0,0.0,0.0,0.0,0.0,2006,18,30496,Bajo,1.0,0.0,0.0,0.0,9.1,228,1.0,0.0,Frankfurt,78476.48
0.0,0.0,1.0,0.0,0.0,0.0,0.0,0.0,0.0,0.0,0.0,0.0,0.0,0.0,0.0,0.0,1.0,0.0,0.0,0.0,0.0,0.0,0.0,0.0,0.0,0.0,0.0,0.0,2022,2,136867,Medio,0.0,0.0,1.0,0.0,7.3,255,1.0,0.0,Frankfurt,57918.46
0.0,0.0,0.0,1.0,0.0,0.0,0.0,0.0,0.0,0.0,0.0,0.0,0.0,1.0,0.0,0.0,0.0,0.0,0.0,0.0,0.0,0.0,0.0,0.0,0.0,0.0,0.0,0.0,2021,3,149054,Medio,0.0,0.0,0.0,1.0,7.3,208,0.0,1.0,Berlin,29231.76
0.0,1.0,0.0,0.0,0.0,0.0,0.0,1.0,0.0,0.0,0.0,0.0,0.0,0.0,0.0,0.0,0.0,0.0,0.0,0.0,0.0,0.0,0.0,0.0,0.0,0.0,0.0,0.0,2020,4,163070,Medio,0.0,0.0,0.0,1.0,11.1,397,1.0,0.0,Cologne,12977.79
0.0,0.0,0.0,1.0,0.0,0.0,0.0,0.0,0.0,0.0,0.0,0.0,0.0,0.0,0.0,0.0,0.0,0.0,1.0,0.0,0.0,0.0,0.0,0.0,0.0,0.0,0.0,0.0,2007,17,70596,Bajo,1.0,0.0,0.0,0.0,10.8,304,1.0,0.0,Berlin,34291.98
0.0,0.0,0.0,0.0,1.0,0.0,0.0,0.0,0.0,0.0,0.0,0.0,1.0,0.0,0.0,0.0,0.0,0.0,0.0,0.0,0.0,0.0,0.0,0.0,0.0,0.0,0.0,0.0,2019,5,273672,Alto,0.0,0.0,0.0,1.0,9.6,475,1.0,0.0,Munich,93920.16
0.0,0.0,0.0,0.0,0.0,1.0,0.0,0.0,0.0,0.0,0.0,0.0,0.0,0.0,0.0,0.0,0.0,1.0,0.0,0.0,0.0,0.0,0.0,0.0,0.0,0.0,0.0,0.0,2016,8,7663,Bajo,0.0,1.0,0.0,0.0,7.3,492,0.0,1.0,Frankfurt,73817.19
0.0,0.0,0.0,0.0,0.0,1.0,0.0,0.0,0.0,0.0,0.0,0.0,0.0,0.0,0.0,0.0,0.0,1.0,0.0,0.0,0.0,0.0,0.0,0.0,0.0,0.0,0.0,0.0,2023,1,49307,Bajo,0.0,1.0,0.0,0.0,12.0,321,0.0,1.0,Frankfurt,45532.46
0.0,0.0,0.0,1.0,0.0,0.0,0.0,0.0,0.0,0.0,1.0,0.0,0.0,0.0,0.0,0.0,0.0,0.0,0.0,0.0,0.0,0.0,0.0,0.0,0.0,0.0,0.0,0.0,2012,12,48831,Bajo,0.0,0.0,0.0,1.0,10.6,213,0.0,1.0,Cologne,53619.49
0.0,0.0,1.0,0.0,0.0,0.0,0.0,0.0,0.0,0.0,0.0,0.0,0.0,0.0,0.0,0.0,1.0,0.0,0.0,0.0,0.0,0.0,0.0,0.0,0.0,0.0,0.0,0.0,2013,11,37168,Bajo,0.0,0.0,1.0,0.0,11.7,141,0.0,1.0,Hamburg,68381.86
0.0,0.0,1.0,0.0,0.0,0.0,0.0,0.0,0.0,0.0,0.0,0.0,0.0,0.0,0.0,0.0,1.0,0.0,0.0,0.0,0.0,0.0,0.0,0.0,0.0,0.0,0.0,0.0,2017,7,299043,Alto,1.0,0.0,0.0,0.0,5.5,232,0.0,1.0,Hamburg,57636.0
0.0,0.0,0.0,1.0,0.0,0.0,0.0,0.0,0.0,0.0,1.0,0.0,0.0,0.0,0.0,0.0,0.0,0.0,0.0,0.0,0.0,0.0,0.0,0.0,0.0,0.0,0.0,0.0,2021,3,139739,Medio,1.0,0.0,0.0,0.0,5.8,315,0.0,1.0,Frankfurt,5209.73
0.0,0.0,1.0,0.0,0.0,0.0,0.0,0.0,0.0,0.0,0.0,1.0,0.0,0.0,0.0,0.0,0.0,0.0,0.0,0.0,0.0,0.0,0.0,0.0,0.0,0.0,0.0,0.0,2009,15,211384,Alto,0.0,0.0,0.0,1.0,4.0,278,0.0,1.0,Hamburg,64932.51
0.0,0.0,1.0,0.0,0.0,0.0,0.0,0.0,0.0,0.0,0.0,1.0,0.0,0.0,0.0,0.0,0.0,0.0,0.0,0.0,0.0,0.0,0.0,0.0,0.0,0.0,0.0,0.0,2019,5,111358,Medio,1.0,0.0,0.0,0.0,9.8,412,1.0,0.0,Cologne,60065.25
0.0,1.0,0.0,0.0,0.0,0.0,1.0,0.0,0.0,0.0,0.0,0.0,0.0,0.0,0.0,0.0,0.0,0.0,0.0,0.0,0.0,0.0,0.0,0.0,0.0,0.0,0.0,0.0,2010,14,236282,Alto,0.0,0.0,1.0,0.0,3.4,345,0.0,1.0,Munich,13651.64
0.0,0.0,1.0,0.0,0.0,0.0,0.0,0.0,0.0,0.0,0.0,0.0,0.0,0.0,0.0,0.0,1.0,0.0,0.0,0.0,0.0,0.0,0.0,0.0,0.0,0.0,0.0,0.0,2017,7,95945,Bajo,0.0,0.0,1.0,0.0,7.9,334,0.0,1.0,Cologne,26883.75
0.0,0.0,0.0,0.0,0.0,1.0,0.0,0.0,0.0,0.0,0.0,0.0,0.0,0.0,0.0,0.0,0.0,0.0,0.0,0.0,0.0,0.0,1.0,0.0,0.0,0.0,0.0,0.0,2013,11,9390,Bajo,0.0,1.0,0.0,0.0,6.5,494,0.0,1.0,Hamburg,86899.93
0.0,0.0,1.0,0.0,0.0,0.0,0.0,0.0,0.0,0.0,0.0,0.0,0.0,0.0,0.0,1.0,0.0,0.0,0.0,0.0,0.0,0.0,0.0,0.0,0.0,0.0,0.0,0.0,2006,18,205905,Alto,0.0,0.0,1.0,0.0,10.7,289,1.0,0.0,Frankfurt,81676.6
0.0,0.0,0.0,0.0,0.0,1.0,0.0,0.0,0.0,0.0,0.0,0.0,0.0,0.0,0.0,0.0,0.0,1.0,0.0,0.0,0.0,0.0,0.0,0.0,0.0,0.0,0.0,0.0,2017,7,147167,Medio,0.0,1.0,0.0,0.0,8.4,146,0.0,1.0,Frankfurt,6161.55
0.0,0.0,1.0,0.0,0.0,0.0,0.0,0.0,0.0,0.0,0.0,1.0,0.0,0.0,0.0,0.0,0.0,0.0,0.0,0.0,0.0,0.0,0.0,0.0,0.0,0.0,0.0,0.0,2020,4,155587,Medio,0.0,0.0,1.0,0.0,6.0,230,0.0,1.0,Cologne,91993.76
0.0,0.0,0.0,0.0,0.0,1.0,0.0,0.0,0.0,0.0,0.0,0.0,0.0,0.0,0.0,0.0,0.0,0.0,0.0,0.0,0.0,0.0,0.0,0.0,0.0,1.0,0.0,0.0,2021,3,275472,Alto,1.0,0.0,0.0,0.0,5.3,325,0.0,1.0,Cologne,63230.23
0.0,0.0,1.0,0.0,0.0,0.0,0.0,0.0,0.0,0.0,0.0,0.0,0.0,0.0,0.0,0.0,1.0,0.0,0.0,0.0,0.0,0.0,0.0,0.0,0.0,0.0,0.0,0.0,2014,10,136074,Medio,0.0,0.0,1.0,0.0,9.0,426,1.0,0.0,Frankfurt,12162.16
0.0,0.0,0.0,0.0,0.0,1.0,0.0,0.0,0.0,0.0,0.0,0.0,0.0,0.0,0.0,0.0,0.0,0.0,0.0,0.0,0.0,0.0,0.0,0.0,0.0,1.0,0.0,0.0,2005,19,209527,Alto,0.0,1.0,0.0,0.0,8.4,443,0.0,1.0,Munich,36407.35
0.0,0.0,0.0,0.0,1.0,0.0,0.0,0.0,0.0,0.0,0.0,0.0,1.0,0.0,0.0,0.0,0.0,0.0,0.0,0.0,0.0,0.0,0.0,0.0,0.0,0.0,0.0,0.0,2021,3,202910,Alto,0.0,0.0,0.0,1.0,6.7,436,1.0,0.0,Frankfurt,30705.55
0.0,0.0,0.0,1.0,0.0,0.0,0.0,0.0,0.0,0.0,1.0,0.0,0.0,0.0,0.0,0.0,0.0,0.0,0.0,0.0,0.0,0.0,0.0,0.0,0.0,0.0,0.0,0.0,2009,15,50509,Bajo,0.0,0.0,1.0,0.0,4.3,473,0.0,1.0,Munich,42219.81
0.0,0.0,1.0,0.0,0.0,0.0,0.0,0.0,0.0,0.0,0.0,0.0,0.0,0.0,0.0,1.0,0.0,0.0,0.0,0.0,0.0,0.0,0.0,0.0,0.0,0.0,0.0,0.0,2021,3,15581,Bajo,1.0,0.0,0.0,0.0,10.2,99,0.0,1.0,Frankfurt,34797.29
0.0,1.0,0.0,0.0,0.0,0.0,0.0,0.0,0.0,0.0,0.0,0.0,0.0,0.0,0.0,0.0,0.0,0.0,0.0,0.0,0.0,0.0,0.0,0.0,0.0,0.0,1.0,0.0,2011,13,273701,Alto,0.0,0.0,1.0,0.0,6.9,169,0.0,1.0,Frankfurt,12610.22
0.0,0.0,0.0,1.0,0.0,0.0,0.0,0.0,0.0,0.0,0.0,0.0,0.0,1.0,0.0,0.0,0.0,0.0,0.0,0.0,0.0,0.0,0.0,0.0,0.0,0.0,0.0,0.0,2020,4,292159,Alto,1.0,0.0,0.0,0.0,4.9,249,0.0,1.0,Munich,28476.45
0.0,0.0,1.0,0.0,0.0,0.0,0.0,0.0,0.0,0.0,0.0,1.0,0.0,0.0,0.0,0.0,0.0,0.0,0.0,0.0,0.0,0.0,0.0,0.0,0.0,0.0,0.0,0.0,2008,16,211018,Alto,0.0,0.0,0.0,1.0,4.0,345,0.0,1.0,Munich,74339.62
0.0,0.0,1.0,0.0,0.0,0.0,0.0,0.0,0.0,0.0,0.0,0.0,0.0,0.0,0.0,0.0,1.0,0.0,0.0,0.0,0.0,0.0,0.0,0.0,0.0,0.0,0.0,0.0,2017,7,150217,Medio,0.0,0.0,0.0,1.0,3.3,169,1.0,0.0,Hamburg,77519.37
0.0,0.0,0.0,0.0,1.0,0.0,0.0,0.0,0.0,0.0,0.0,0.0,1.0,0.0,0.0,0.0,0.0,0.0,0.0,0.0,0.0,0.0,0.0,0.0,0.0,0.0,0.0,0.0,2012,12,267104,Alto,0.0,0.0,0.0,1.0,3.5,119,1.0,0.0,Berlin,72849.09
0.0,0.0,0.0,0.0,1.0,0.0,0.0,0.0,0.0,0.0,0.0,0.0,0.0,0.0,0.0,0.0,0.0,0.0,0.0,1.0,0.0,0.0,0.0,0.0,0.0,0.0,0.0,0.0,2019,5,135629,Medio,0.0,0.0,1.0,0.0,4.5,447,1.0,0.0,Frankfurt,99402.03
0.0,0.0,0.0,1.0,0.0,0.0,0.0,0.0,0.0,0.0,1.0,0.0,0.0,0.0,0.0,0.0,0.0,0.0,0.0,0.0,0.0,0.0,0.0,0.0,0.0,0.0,0.0,0.0,2006,18,201795,Alto,0.0,0.0,1.0,0.0,9.1,189,1.0,0.0,Cologne,13100.89
0.0,0.0,0.0,0.0,1.0,0.0,0.0,0.0,0.0,0.0,0.0,0.0,0.0,0.0,0.0,0.0,0.0,0.0,0.0,0.0,1.0,0.0,0.0,0.0,0.0,0.0,0.0,0.0,2010,14,298820,Alto,0.0,1.0,0.0,0.0,10.8,82,1.0,0.0,Munich,10204.96
0.0,0.0,0.0,0.0,0.0,1.0,0.0,0.0,0.0,0.0,0.0,0.0,0.0,0.0,0.0,0.0,0.0,0.0,0.0,0.0,0.0,0.0,1.0,0.0,0.0,0.0,0.0,0.0,2011,13,183342,Medio,1.0,0.0,0.0,0.0,10.5,362,0.0,1.0,Hamburg,22508.3
1.0,0.0,0.0,0.0,0.0,0.0,0.0,0.0,1.0,0.0,0.0,0.0,0.0,0.0,0.0,0.0,0.0,0.0,0.0,0.0,0.0,0.0,0.0,0.0,0.0,0.0,0.0,0.0,2014,10,186678,Medio,1.0,0.0,0.0,0.0,4.4,413,0.0,1.0,Hamburg,34365.71
0.0,0.0,0.0,1.0,0.0,0.0,0.0,0.0,0.0,0.0,1.0,0.0,0.0,0.0,0.0,0.0,0.0,0.0,0.0,0.0,0.0,0.0,0.0,0.0,0.0,0.0,0.0,0.0,2013,11,228227,Alto,0.0,0.0,0.0,1.0,9.0,471,1.0,0.0,Berlin,89111.06
0.0,0.0,0.0,0.0,1.0,0.0,0.0,0.0,0.0,0.0,0.0,0.0,0.0,0.0,0.0,0.0,0.0,0.0,0.0,0.0,1.0,0.0,0.0,0.0,0.0,0.0,0.0,0.0,2020,4,207500,Alto,0.0,1.0,0.0,0.0,9.6,206,0.0,1.0,Frankfurt,38804.68
0.0,0.0,1.0,0.0,0.0,0.0,0.0,0.0,0.0,0.0,0.0,1.0,0.0,0.0,0.0,0.0,0.0,0.0,0.0,0.0,0.0,0.0,0.0,0.0,0.0,0.0,0.0,0.0,2018,6,254578,Alto,0.0,1.0,0.0,0.0,4.8,85,1.0,0.0,Cologne,17891.94
0.0,0.0,0.0,0.0,0.0,1.0,0.0,0.0,0.0,0.0,0.0,0.0,0.0,0.0,0.0,0.0,0.0,0.0,0.0,0.0,0.0,1.0,0.0,0.0,0.0,0.0,0.0,0.0,2018,6,88338,Bajo,0.0,0.0,1.0,0.0,11.9,249,1.0,0.0,Frankfurt,96296.1
0.0,1.0,0.0,0.0,0.0,0.0,0.0,0.0,0.0,0.0,0.0,0.0,0.0,0.0,0.0,0.0,0.0,0.0,0.0,0.0,0.0,0.0,0.0,0.0,0.0,0.0,1.0,0.0,2022,2,114326,Medio,0.0,0.0,1.0,0.0,9.6,359,0.0,1.0,Munich,59442.06
0.0,1.0,0.0,0.0,0.0,0.0,0.0,0.0,0.0,0.0,0.0,0.0,0.0,0.0,0.0,0.0,0.0,0.0,0.0,0.0,0.0,0.0,0.0,0.0,0.0,0.0,1.0,0.0,2019,5,282043,Alto,0.0,0.0,1.0,0.0,10.5,248,1.0,0.0,Berlin,36430.2
0.0,0.0,0.0,0.0,0.0,1.0,0.0,0.0,0.0,0.0,0.0,0.0,0.0,0.0,0.0,0.0,0.0,0.0,0.0,0.0,0.0,0.0,0.0,0.0,0.0,1.0,0.0,0.0,2011,13,230563,Alto,0.0,0.0,1.0,0.0,8.8,334,0.0,1.0,Hamburg,38532.16
0.0,0.0,0.0,1.0,0.0,0.0,0.0,0.0,0.0,0.0,0.0,0.0,0.0,1.0,0.0,0.0,0.0,0.0,0.0,0.0,0.0,0.0,0.0,0.0,0.0,0.0,0.0,0.0,2023,1,268987,Alto,0.0,0.0,0.0,1.0,6.7,156,0.0,1.0,Cologne,93122.11
0.0,0.0,0.0,0.0,0.0,1.0,0.0,0.0,0.0,0.0,0.0,0.0,0.0,0.0,0.0,0.0,0.0,0.0,0.0,0.0,0.0,0.0,1.0,0.0,0.0,0.0,0.0,0.0,2021,3,249830,Alto,0.0,0.0,1.0,0.0,10.9,427,1.0,0.0,Berlin,8698.81
0.0,0.0,1.0,0.0,0.0,0.0,0.0,0.0,0.0,0.0,0.0,0.0,0.0,0.0,0.0,0.0,1.0,0.0,0.0,0.0,0.0,0.0,0.0,0.0,0.0,0.0,0.0,0.0,2012,12,273799,Alto,0.0,0.0,1.0,0.0,7.5,125,0.0,1.0,Frankfurt,67304.73
0.0,0.0,1.0,0.0,0.0,0.0,0.0,0.0,0.0,0.0,0.0,1.0,0.0,0.0,0.0,0.0,0.0,0.0,0.0,0.0,0.0,0.0,0.0,0.0,0.0,0.0,0.0,0.0,2017,7,106369,Medio,0.0,0.0,0.0,1.0,9.1,338,0.0,1.0,Cologne,41239.29
0.0,0.0,0.0,0.0,1.0,0.0,0.0,0.0,0.0,0.0,0.0,0.0,1.0,0.0,0.0,0.0,0.0,0.0,0.0,0.0,0.0,0.0,0.0,0.0,0.0,0.0,0.0,0.0,2023,1,102363,Medio,0.0,0.0,0.0,1.0,10.6,412,1.0,0.0,Cologne,40208.51
0.0,0.0,0.0,0.0,1.0,0.0,0.0,0.0,0.0,0.0,0.0,0.0,1.0,0.0,0.0,0.0,0.0,0.0,0.0,0.0,0.0,0.0,0.0,0.0,0.0,0.0,0.0,0.0,2011,13,141589,Medio,0.0,1.0,0.0,0.0,9.1,88,1.0,0.0,Munich,21819.91
0.0,0.0,0.0,0.0,1.0,0.0,0.0,0.0,0.0,0.0,0.0,0.0,0.0,0.0,0.0,0.0,0.0,0.0,0.0,1.0,0.0,0.0,0.0,0.0,0.0,0.0,0.0,0.0,2022,2,201934,Alto,0.0,0.0,1.0,0.0,4.3,121,0.0,1.0,Munich,58019.52
1.0,0.0,0.0,0.0,0.0,0.0,0.0,0.0,0.0,0.0,0.0,0.0,0.0,0.0,0.0,0.0,0.0,0.0,0.0,0.0,0.0,0.0,0.0,1.0,0.0,0.0,0.0,0.0,2006,18,142509,Medio,0.0,0.0,1.0,0.0,10.2,290,1.0,0.0,Berlin,10577.84
0.0,1.0,0.0,0.0,0.0,0.0,0.0,0.0,0.0,0.0,0.0,0.0,0.0,0.0,0.0,0.0,0.0,0.0,0.0,0.0,0.0,0.0,0.0,0.0,0.0,0.0,0.0,1.0,2011,13,229829,Alto,0.0,1.0,0.0,0.0,8.1,319,0.0,1.0,Cologne,40553.56
0.0,1.0,0.0,0.0,0.0,0.0,0.0,0.0,0.0,0.0,0.0,0.0,0.0,0.0,0.0,0.0,0.0,0.0,0.0,0.0,0.0,0.0,0.0,0.0,0.0,0.0,0.0,1.0,2022,2,106221,Medio,0.0,0.0,0.0,1.0,4.9,195,0.0,1.0,Berlin,6781.89
0.0,0.0,0.0,0.0,0.0,1.0,0.0,0.0,0.0,0.0,0.0,0.0,0.0,0.0,0.0,0.0,0.0,0.0,0.0,0.0,0.0,1.0,0.0,0.0,0.0,0.0,0.0,0.0,2014,10,271484,Alto,0.0,1.0,0.0,0.0,11.4,390,0.0,1.0,Berlin,21115.5
0.0,1.0,0.0,0.0,0.0,0.0,0.0,0.0,0.0,0.0,0.0,0.0,0.0,0.0,0.0,0.0,0.0,0.0,0.0,0.0,0.0,0.0,0.0,0.0,0.0,0.0,1.0,0.0,2013,11,243761,Alto,0.0,0.0,0.0,1.0,8.1,494,1.0,0.0,Frankfurt,32177.81
0.0,0.0,0.0,0.0,0.0,1.0,0.0,0.0,0.0,0.0,0.0,0.0,0.0,0.0,0.0,0.0,0.0,0.0,0.0,0.0,0.0,0.0,1.0,0.0,0.0,0.0,0.0,0.0,2023,1,51385,Bajo,0.0,0.0,1.0,0.0,7.6,285,1.0,0.0,Frankfurt,90277.67
0.0,0.0,1.0,0.0,0.0,0.0,0.0,0.0,0.0,0.0,0.0,0.0,0.0,0.0,1.0,0.0,0.0,0.0,0.0,0.0,0.0,0.0,0.0,0.0,0.0,0.0,0.0,0.0,2009,15,152193,Medio,0.0,1.0,0.0,0.0,5.7,140,1.0,0.0,Berlin,8597.11
0.0,0.0,0.0,0.0,1.0,0.0,0.0,0.0,0.0,0.0,0.0,0.0,0.0,0.0,0.0,0.0,0.0,0.0,0.0,0.0,1.0,0.0,0.0,0.0,0.0,0.0,0.0,0.0,2010,14,256023,Alto,0.0,1.0,0.0,0.0,3.9,329,0.0,1.0,Cologne,64146.83
1.0,0.0,0.0,0.0,0.0,0.0,0.0,0.0,0.0,1.0,0.0,0.0,0.0,0.0,0.0,0.0,0.0,0.0,0.0,0.0,0.0,0.0,0.0,0.0,0.0,0.0,0.0,0.0,2017,7,20815,Bajo,0.0,0.0,1.0,0.0,9.9,74,1.0,0.0,Cologne,94366.09
0.0,0.0,0.0,0.0,0.0,1.0,0.0,0.0,0.0,0.0,0.0,0.0,0.0,0.0,0.0,0.0,0.0,0.0,0.0,0.0,0.0,0.0,0.0,0.0,0.0,1.0,0.0,0.0,2006,18,241278,Alto,0.0,1.0,0.0,0.0,3.1,144,0.0,1.0,Cologne,66554.61
1.0,0.0,0.0,0.0,0.0,0.0,0.0,0.0,1.0,0.0,0.0,0.0,0.0,0.0,0.0,0.0,0.0,0.0,0.0,0.0,0.0,0.0,0.0,0.0,0.0,0.0,0.0,0.0,2018,6,209691,Alto,0.0,0.0,1.0,0.0,10.3,377,1.0,0.0,Hamburg,77891.36
0.0,0.0,0.0,0.0,0.0,1.0,0.0,0.0,0.0,0.0,0.0,0.0,0.0,0.0,0.0,0.0,0.0,0.0,0.0,0.0,0.0,1.0,0.0,0.0,0.0,0.0,0.0,0.0,2016,8,115354,Medio,0.0,0.0,0.0,1.0,8.4,258,1.0,0.0,Hamburg,24568.58
0.0,0.0,0.0,0.0,1.0,0.0,0.0,0.0,0.0,0.0,0.0,0.0,1.0,0.0,0.0,0.0,0.0,0.0,0.0,0.0,0.0,0.0,0.0,0.0,0.0,0.0,0.0,0.0,2019,5,220925,Alto,0.0,0.0,0.0,1.0,12.0,113,0.0,1.0,Munich,25624.77
1.0,0.0,0.0,0.0,0.0,0.0,0.0,0.0,0.0,1.0,0.0,0.0,0.0,0.0,0.0,0.0,0.0,0.0,0.0,0.0,0.0,0.0,0.0,0.0,0.0,0.0,0.0,0.0,2023,1,45000,Bajo,0.0,0.0,0.0,1.0,7.7,75,1.0,0.0,Munich,61868.26
0.0,0.0,0.0,0.0,1.0,0.0,0.0,0.0,0.0,0.0,0.0,0.0,1.0,0.0,0.0,0.0,0.0,0.0,0.0,0.0,0.0,0.0,0.0,0.0,0.0,0.0,0.0,0.0,2008,16,74063,Bajo,0.0,0.0,0.0,1.0,3.0,299,1.0,0.0,Munich,28437.37
0.0,0.0,0.0,0.0,1.0,0.0,0.0,0.0,0.0,0.0,0.0,0.0,0.0,0.0,0.0,0.0,0.0,0.0,0.0,1.0,0.0,0.0,0.0,0.0,0.0,0.0,0.0,0.0,2014,10,67412,Bajo,1.0,0.0,0.0,0.0,8.3,319,0.0,1.0,Frankfurt,18515.37
0.0,0.0,0.0,1.0,0.0,0.0,0.0,0.0,0.0,0.0,0.0,0.0,0.0,0.0,0.0,0.0,0.0,0.0,1.0,0.0,0.0,0.0,0.0,0.0,0.0,0.0,0.0,0.0,2012,12,232720,Alto,1.0,0.0,0.0,0.0,11.1,266,1.0,0.0,Frankfurt,5652.81
0.0,0.0,0.0,0.0,0.0,1.0,0.0,0.0,0.0,0.0,0.0,0.0,0.0,0.0,0.0,0.0,0.0,0.0,0.0,0.0,0.0,0.0,1.0,0.0,0.0,0.0,0.0,0.0,2019,5,59249,Bajo,1.0,0.0,0.0,0.0,10.8,332,0.0,1.0,Berlin,92642.39
0.0,0.0,0.0,0.0,1.0,0.0,0.0,0.0,0.0,0.0,0.0,0.0,1.0,0.0,0.0,0.0,0.0,0.0,0.0,0.0,0.0,0.0,0.0,0.0,0.0,0.0,0.0,0.0,2008,16,32668,Bajo,0.0,0.0,1.0,0.0,3.9,432,1.0,0.0,Cologne,33109.41
0.0,0.0,1.0,0.0,0.0,0.0,0.0,0.0,0.0,0.0,0.0,0.0,0.0,0.0,0.0,1.0,0.0,0.0,0.0,0.0,0.0,0.0,0.0,0.0,0.0,0.0,0.0,0.0,2008,16,196510,Medio,0.0,1.0,0.0,0.0,8.1,184,0.0,1.0,Frankfurt,69637.43
0.0,1.0,0.0,0.0,0.0,0.0,0.0,1.0,0.0,0.0,0.0,0.0,0.0,0.0,0.0,0.0,0.0,0.0,0.0,0.0,0.0,0.0,0.0,0.0,0.0,0.0,0.0,0.0,2005,19,167545,Medio,0.0,0.0,1.0,0.0,8.1,474,1.0,0.0,Frankfurt,5560.13
0.0,1.0,0.0,0.0,0.0,0.0,1.0,0.0,0.0,0.0,0.0,0.0,0.0,0.0,0.0,0.0,0.0,0.0,0.0,0.0,0.0,0.0,0.0,0.0,0.0,0.0,0.0,0.0,2007,17,203660,Alto,0.0,1.0,0.0,0.0,6.1,352,1.0,0.0,Berlin,79572.07
0.0,0.0,0.0,0.0,1.0,0.0,0.0,0.0,0.0,0.0,0.0,0.0,1.0,0.0,0.0,0.0,0.0,0.0,0.0,0.0,0.0,0.0,0.0,0.0,0.0,0.0,0.0,0.0,2021,3,106004,Medio,0.0,0.0,0.0,1.0,4.0,417,0.0,1.0,Cologne,7011.92
0.0,1.0,0.0,0.0,0.0,0.0,1.0,0.0,0.0,0.0,0.0,0.0,0.0,0.0,0.0,0.0,0.0,0.0,0.0,0.0,0.0,0.0,0.0,0.0,0.0,0.0,0.0,0.0,2009,15,203807,Alto,0.0,0.0,0.0,1.0,6.9,399,1.0,0.0,Berlin,97576.18
0.0,1.0,0.0,0.0,0.0,0.0,1.0,0.0,0.0,0.0,0.0,0.0,0.0,0.0,0.0,0.0,0.0,0.0,0.0,0.0,0.0,0.0,0.0,0.0,0.0,0.0,0.0,0.0,2020,4,54423,Bajo,0.0,0.0,1.0,0.0,4.0,133,1.0,0.0,Munich,93746.84
0.0,0.0,0.0,1.0,0.0,0.0,0.0,0.0,0.0,0.0,0.0,0.0,0.0,0.0,0.0,0.0,0.0,0.0,1.0,0.0,0.0,0.0,0.0,0.0,0.0,0.0,0.0,0.0,2007,17,131356,Medio,0.0,0.0,1.0,0.0,9.5,215,1.0,0.0,Hamburg,51285.74
0.0,0.0,0.0,0.0,1.0,0.0,0.0,0.0,0.0,0.0,0.0,0.0,1.0,0.0,0.0,0.0,0.0,0.0,0.0,0.0,0.0,0.0,0.0,0.0,0.0,0.0,0.0,0.0,2006,18,80101,Bajo,0.0,0.0,0.0,1.0,10.3,464,0.0,1.0,Frankfurt,8171.48
0.0,1.0,0.0,0.0,0.0,0.0,1.0,0.0,0.0,0.0,0.0,0.0,0.0,0.0,0.0,0.0,0.0,0.0,0.0,0.0,0.0,0.0,0.0,0.0,0.0,0.0,0.0,0.0,2021,3,227021,Alto,1.0,0.0,0.0,0.0,10.0,461,0.0,1.0,Frankfurt,23672.0
0.0,1.0,0.0,0.0,0.0,0.0,0.0,1.0,0.0,0.0,0.0,0.0,0.0,0.0,0.0,0.0,0.0,0.0,0.0,0.0,0.0,0.0,0.0,0.0,0.0,0.0,0.0,0.0,2015,9,252741,Alto,0.0,0.0,0.0,1.0,3.0,361,0.0,1.0,Cologne,86140.59
0.0,0.0,1.0,0.0,0.0,0.0,0.0,0.0,0.0,0.0,0.0,0.0,0.0,0.0,0.0,1.0,0.0,0.0,0.0,0.0,0.0,0.0,0.0,0.0,0.0,0.0,0.0,0.0,2009,15,268967,Alto,1.0,0.0,0.0,0.0,4.9,174,1.0,0.0,Hamburg,70380.06
0.0,0.0,0.0,0.0,0.0,1.0,0.0,0.0,0.0,0.0,0.0,0.0,0.0,0.0,0.0,0.0,0.0,1.0,0.0,0.0,0.0,0.0,0.0,0.0,0.0,0.0,0.0,0.0,2017,7,71523,Bajo,0.0,0.0,1.0,0.0,6.7,81,0.0,1.0,Berlin,95065.77
1.0,0.0,0.0,0.0,0.0,0.0,0.0,0.0,0.0,0.0,0.0,0.0,0.0,0.0,0.0,0.0,0.0,0.0,0.0,0.0,0.0,0.0,0.0,1.0,0.0,0.0,0.0,0.0,2010,14,199909,Medio,0.0,0.0,1.0,0.0,11.9,105,1.0,0.0,Hamburg,7272.54
1.0,0.0,0.0,0.0,0.0,0.0,0.0,0.0,1.0,0.0,0.0,0.0,0.0,0.0,0.0,0.0,0.0,0.0,0.0,0.0,0.0,0.0,0.0,0.0,0.0,0.0,0.0,0.0,2010,14,195250,Medio,0.0,1.0,0.0,0.0,5.6,195,0.0,1.0,Cologne,85883.76
0.0,0.0,0.0,1.0,0.0,0.0,0.0,0.0,0.0,0.0,1.0,0.0,0.0,0.0,0.0,0.0,0.0,0.0,0.0,0.0,0.0,0.0,0.0,0.0,0.0,0.0,0.0,0.0,2007,17,27350,Bajo,0.0,0.0,0.0,1.0,3.8,306,1.0,0.0,Cologne,27264.03
0.0,0.0,0.0,0.0,1.0,0.0,0.0,0.0,0.0,0.0,0.0,0.0,0.0,0.0,0.0,0.0,0.0,0.0,0.0,1.0,0.0,0.0,0.0,0.0,0.0,0.0,0.0,0.0,2023,1,29924,Bajo,0.0,0.0,1.0,0.0,6.9,420,0.0,1.0,Berlin,27066.01
0.0,1.0,0.0,0.0,0.0,0.0,0.0,1.0,0.0,0.0,0.0,0.0,0.0,0.0,0.0,0.0,0.0,0.0,0.0,0.0,0.0,0.0,0.0,0.0,0.0,0.0,0.0,0.0,2023,1,206105,Alto,1.0,0.0,0.0,0.0,9.9,213,0.0,1.0,Cologne,85988.3
0.0,1.0,0.0,0.0,0.0,0.0,0.0,0.0,0.0,0.0,0.0,0.0,0.0,0.0,0.0,0.0,0.0,0.0,0.0,0.0,0.0,0.0,0.0,0.0,0.0,0.0,0.0,1.0,2017,7,11393,Bajo,0.0,1.0,0.0,0.0,5.9,175,1.0,0.0,Hamburg,31920.05
0.0,1.0,0.0,0.0,0.0,0.0,0.0,0.0,0.0,0.0,0.0,0.0,0.0,0.0,0.0,0.0,0.0,0.0,0.0,0.0,0.0,0.0,0.0,0.0,0.0,0.0,0.0,1.0,2006,18,206137,Alto,0.0,0.0,0.0,1.0,7.6,101,1.0,0.0,Hamburg,28052.72
0.0,0.0,1.0,0.0,0.0,0.0,0.0,0.0,0.0,0.0,0.0,0.0,0.0,0.0,1.0,0.0,0.0,0.0,0.0,0.0,0.0,0.0,0.0,0.0,0.0,0.0,0.0,0.0,2006,18,116760,Medio,1.0,0.0,0.0,0.0,4.9,286,1.0,0.0,Hamburg,63058.74
0.0,0.0,0.0,0.0,1.0,0.0,0.0,0.0,0.0,0.0,0.0,0.0,1.0,0.0,0.0,0.0,0.0,0.0,0.0,0.0,0.0,0.0,0.0,0.0,0.0,0.0,0.0,0.0,2013,11,163451,Medio,1.0,0.0,0.0,0.0,5.0,341,0.0,1.0,Munich,36392.57
1.0,0.0,0.0,0.0,0.0,0.0,0.0,0.0,1.0,0.0,0.0,0.0,0.0,0.0,0.0,0.0,0.0,0.0,0.0,0.0,0.0,0.0,0.0,0.0,0.0,0.0,0.0,0.0,2023,1,290585,Alto,1.0,0.0,0.0,0.0,3.3,284,0.0,1.0,Munich,63596.1
0.0,0.0,0.0,0.0,0.0,1.0,0.0,0.0,0.0,0.0,0.0,0.0,0.0,0.0,0.0,0.0,0.0,0.0,0.0,0.0,0.0,0.0,0.0,0.0,0.0,1.0,0.0,0.0,2009,15,76643,Bajo,0.0,0.0,0.0,1.0,10.5,175,0.0,1.0,Cologne,8524.57
1.0,0.0,0.0,0.0,0.0,0.0,0.0,0.0,0.0,0.0,0.0,0.0,0.0,0.0,0.0,0.0,0.0,0.0,0.0,0.0,0.0,0.0,0.0,1.0,0.0,0.0,0.0,0.0,2013,11,56538,Bajo,0.0,0.0,0.0,1.0,6.5,134,0.0,1.0,Frankfurt,35296.96
0.0,0.0,0.0,1.0,0.0,0.0,0.0,0.0,0.0,0.0,0.0,0.0,0.0,1.0,0.0,0.0,0.0,0.0,0.0,0.0,0.0,0.0,0.0,0.0,0.0,0.0,0.0,0.0,2006,18,96629,Bajo,0.0,0.0,1.0,0.0,7.5,412,1.0,0.0,Munich,67860.84
0.0,0.0,0.0,1.0,0.0,0.0,0.0,0.0,0.0,0.0,0.0,0.0,0.0,1.0,0.0,0.0,0.0,0.0,0.0,0.0,0.0,0.0,0.0,0.0,0.0,0.0,0.0,0.0,2006,18,153668,Medio,0.0,1.0,0.0,0.0,5.6,210,1.0,0.0,Munich,60826.2
1.0,0.0,0.0,0.0,0.0,0.0,0.0,0.0,0.0,1.0,0.0,0.0,0.0,0.0,0.0,0.0,0.0,0.0,0.0,0.0,0.0,0.0,0.0,0.0,0.0,0.0,0.0,0.0,2015,9,251582,Alto,0.0,0.0,1.0,0.0,8.5,363,0.0,1.0,Frankfurt,43000.39
1.0,0.0,0.0,0.0,0.0,0.0,0.0,0.0,1.0,0.0,0.0,0.0,0.0,0.0,0.0,0.0,0.0,0.0,0.0,0.0,0.0,0.0,0.0,0.0,0.0,0.0,0.0,0.0,2010,14,195586,Medio,0.0,0.0,0.0,1.0,10.3,324,1.0,0.0,Frankfurt,53570.87
0.0,0.0,1.0,0.0,0.0,0.0,0.0,0.0,0.0,0.0,0.0,0.0,0.0,0.0,0.0,1.0,0.0,0.0,0.0,0.0,0.0,0.0,0.0,0.0,0.0,0.0,0.0,0.0,2020,4,97662,Bajo,0.0,0.0,1.0,0.0,10.7,407,0.0,1.0,Munich,71580.79
0.0,0.0,0.0,1.0,0.0,0.0,0.0,0.0,0.0,0.0,0.0,0.0,0.0,0.0,0.0,0.0,0.0,0.0,1.0,0.0,0.0,0.0,0.0,0.0,0.0,0.0,0.0,0.0,2007,17,218023,Alto,0.0,0.0,1.0,0.0,9.5,301,0.0,1.0,Frankfurt,88628.51
0.0,0.0,0.0,1.0,0.0,0.0,0.0,0.0,0.0,0.0,0.0,0.0,0.0,0.0,0.0,0.0,0.0,0.0,1.0,0.0,0.0,0.0,0.0,0.0,0.0,0.0,0.0,0.0,2006,18,120312,Medio,0.0,0.0,1.0,0.0,3.4,204,0.0,1.0,Frankfurt,96698.01
0.0,0.0,0.0,1.0,0.0,0.0,0.0,0.0,0.0,0.0,0.0,0.0,0.0,1.0,0.0,0.0,0.0,0.0,0.0,0.0,0.0,0.0,0.0,0.0,0.0,0.0,0.0,0.0,2007,17,67241,Bajo,0.0,0.0,1.0,0.0,9.2,78,0.0,1.0,Hamburg,82177.89
0.0,1.0,0.0,0.0,0.0,0.0,1.0,0.0,0.0,0.0,0.0,0.0,0.0,0.0,0.0,0.0,0.0,0.0,0.0,0.0,0.0,0.0,0.0,0.0,0.0,0.0,0.0,0.0,2011,13,184151,Medio,0.0,1.0,0.0,0.0,9.1,279,1.0,0.0,Frankfurt,35547.29
0.0,0.0,0.0,0.0,1.0,0.0,0.0,0.0,0.0,0.0,0.0,0.0,0.0,0.0,0.0,0.0,0.0,0.0,0.0,1.0,0.0,0.0,0.0,0.0,0.0,0.0,0.0,0.0,2013,11,119095,Medio,0.0,1.0,0.0,0.0,8.5,246,0.0,1.0,Berlin,31925.96
0.0,0.0,0.0,0.0,0.0,1.0,0.0,0.0,0.0,0.0,0.0,0.0,0.0,0.0,0.0,0.0,0.0,0.0,0.0,0.0,0.0,0.0,0.0,0.0,0.0,1.0,0.0,0.0,2018,6,262855,Alto,1.0,0.0,0.0,0.0,4.2,462,1.0,0.0,Cologne,70950.53
0.0,1.0,0.0,0.0,0.0,0.0,1.0,0.0,0.0,0.0,0.0,0.0,0.0,0.0,0.0,0.0,0.0,0.0,0.0,0.0,0.0,0.0,0.0,0.0,0.0,0.0,0.0,0.0,2005,19,97809,Bajo,0.0,1.0,0.0,0.0,10.0,369,0.0,1.0,Berlin,85205.66
0.0,1.0,0.0,0.0,0.0,0.0,0.0,0.0,0.0,0.0,0.0,0.0,0.0,0.0,0.0,0.0,0.0,0.0,0.0,0.0,0.0,0.0,0.0,0.0,0.0,0.0,1.0,0.0,2021,3,125786,Medio,1.0,0.0,0.0,0.0,10.4,240,1.0,0.0,Berlin,64968.19
0.0,0.0,0.0,0.0,0.0,1.0,0.0,0.0,0.0,0.0,0.0,0.0,0.0,0.0,0.0,0.0,0.0,0.0,0.0,0.0,0.0,0.0,0.0,0.0,0.0,1.0,0.0,0.0,2011,13,218358,Alto,0.0,1.0,0.0,0.0,3.9,346,1.0,0.0,Cologne,67033.95
1.0,0.0,0.0,0.0,0.0,0.0,0.0,0.0,0.0,0.0,0.0,0.0,0.0,0.0,0.0,0.0,0.0,0.0,0.0,0.0,0.0,0.0,0.0,0.0,1.0,0.0,0.0,0.0,2021,3,188099,Medio,1.0,0.0,0.0,0.0,3.2,324,0.0,1.0,Berlin,55437.8
0.0,0.0,0.0,0.0,0.0,1.0,0.0,0.0,0.0,0.0,0.0,0.0,0.0,0.0,0.0,0.0,0.0,0.0,0.0,0.0,0.0,0.0,0.0,0.0,0.0,1.0,0.0,0.0,2009,15,161460,Medio,0.0,0.0,1.0,0.0,3.9,422,1.0,0.0,Frankfurt,25237.06
0.0,0.0,0.0,1.0,0.0,0.0,0.0,0.0,0.0,0.0,1.0,0.0,0.0,0.0,0.0,0.0,0.0,0.0,0.0,0.0,0.0,0.0,0.0,0.0,0.0,0.0,0.0,0.0,2015,9,134642,Medio,0.0,0.0,1.0,0.0,3.2,169,0.0,1.0,Munich,17178.7
0.0,0.0,1.0,0.0,0.0,0.0,0.0,0.0,0.0,0.0,0.0,0.0,0.0,0.0,0.0,1.0,0.0,0.0,0.0,0.0,0.0,0.0,0.0,0.0,0.0,0.0,0.0,0.0,2014,10,266558,Alto,0.0,0.0,1.0,0.0,10.1,207,0.0,1.0,Munich,43771.02
0.0,0.0,0.0,0.0,0.0,1.0,0.0,0.0,0.0,0.0,0.0,0.0,0.0,0.0,0.0,0.0,0.0,0.0,0.0,0.0,0.0,0.0,1.0,0.0,0.0,0.0,0.0,0.0,2017,7,74333,Bajo,0.0,1.0,0.0,0.0,11.7,180,1.0,0.0,Munich,54905.58
0.0,0.0,0.0,1.0,0.0,0.0,0.0,0.0,0.0,0.0,0.0,0.0,0.0,1.0,0.0,0.0,0.0,0.0,0.0,0.0,0.0,0.0,0.0,0.0,0.0,0.0,0.0,0.0,2014,10,238147,Alto,0.0,1.0,0.0,0.0,3.2,108,1.0,0.0,Hamburg,12255.45
0.0,0.0,0.0,0.0,1.0,0.0,0.0,0.0,0.0,0.0,0.0,0.0,1.0,0.0,0.0,0.0,0.0,0.0,0.0,0.0,0.0,0.0,0.0,0.0,0.0,0.0,0.0,0.0,2023,1,178594,Medio,0.0,0.0,0.0,1.0,8.8,275,0.0,1.0,Berlin,51399.76
0.0,0.0,0.0,0.0,0.0,1.0,0.0,0.0,0.0,0.0,0.0,0.0,0.0,0.0,0.0,0.0,0.0,1.0,0.0,0.0,0.0,0.0,0.0,0.0,0.0,0.0,0.0,0.0,2021,3,89471,Bajo,0.0,0.0,0.0,1.0,10.8,321,1.0,0.0,Cologne,36514.68
0.0,1.0,0.0,0.0,0.0,0.0,1.0,0.0,0.0,0.0,0.0,0.0,0.0,0.0,0.0,0.0,0.0,0.0,0.0,0.0,0.0,0.0,0.0,0.0,0.0,0.0,0.0,0.0,2005,19,231117,Alto,1.0,0.0,0.0,0.0,9.3,158,1.0,0.0,Cologne,72763.64
1.0,0.0,0.0,0.0,0.0,0.0,0.0,0.0,0.0,0.0,0.0,0.0,0.0,0.0,0.0,0.0,0.0,0.0,0.0,0.0,0.0,0.0,0.0,1.0,0.0,0.0,0.0,0.0,2021,3,171278,Medio,0.0,1.0,0.0,0.0,4.2,80,1.0,0.0,Cologne,82583.56
0.0,0.0,0.0,0.0,1.0,0.0,0.0,0.0,0.0,0.0,0.0,0.0,0.0,0.0,0.0,0.0,0.0,0.0,0.0,1.0,0.0,0.0,0.0,0.0,0.0,0.0,0.0,0.0,2016,8,233412,Alto,0.0,1.0,0.0,0.0,9.1,304,1.0,0.0,Cologne,29755.73
0.0,0.0,1.0,0.0,0.0,0.0,0.0,0.0,0.0,0.0,0.0,0.0,0.0,0.0,1.0,0.0,0.0,0.0,0.0,0.0,0.0,0.0,0.0,0.0,0.0,0.0,0.0,0.0,2008,16,5667,Bajo,0.0,1.0,0.0,0.0,5.3,141,0.0,1.0,Munich,70217.18
0.0,0.0,1.0,0.0,0.0,0.0,0.0,0.0,0.0,0.0,0.0,0.0,0.0,0.0,1.0,0.0,0.0,0.0,0.0,0.0,0.0,0.0,0.0,0.0,0.0,0.0,0.0,0.0,2022,2,117782,Medio,0.0,0.0,1.0,0.0,7.6,429,1.0,0.0,Frankfurt,15004.91
0.0,0.0,0.0,0.0,0.0,1.0,0.0,0.0,0.0,0.0,0.0,0.0,0.0,0.0,0.0,0.0,0.0,0.0,0.0,0.0,0.0,0.0,1.0,0.0,0.0,0.0,0.0,0.0,2020,4,197922,Medio,1.0,0.0,0.0,0.0,9.1,314,0.0,1.0,Berlin,33509.1
1.0,0.0,0.0,0.0,0.0,0.0,0.0,0.0,0.0,1.0,0.0,0.0,0.0,0.0,0.0,0.0,0.0,0.0,0.0,0.0,0.0,0.0,0.0,0.0,0.0,0.0,0.0,0.0,2007,17,53798,Bajo,0.0,0.0,0.0,1.0,6.8,449,1.0,0.0,Munich,74718.43
0.0,0.0,0.0,0.0,0.0,1.0,0.0,0.0,0.0,0.0,0.0,0.0,0.0,0.0,0.0,0.0,0.0,0.0,0.0,0.0,0.0,1.0,0.0,0.0,0.0,0.0,0.0,0.0,2006,18,100637,Medio,1.0,0.0,0.0,0.0,3.9,364,1.0,0.0,Frankfurt,33662.34
0.0,0.0,0.0,1.0,0.0,0.0,0.0,0.0,0.0,0.0,1.0,0.0,0.0,0.0,0.0,0.0,0.0,0.0,0.0,0.0,0.0,0.0,0.0,0.0,0.0,0.0,0.0,0.0,2008,16,158279,Medio,0.0,1.0,0.0,0.0,8.7,403,1.0,0.0,Frankfurt,99797.19
0.0,0.0,0.0,0.0,0.0,1.0,0.0,0.0,0.0,0.0,0.0,0.0,0.0,0.0,0.0,0.0,0.0,0.0,0.0,0.0,0.0,0.0,0.0,0.0,0.0,1.0,0.0,0.0,2007,17,39710,Bajo,1.0,0.0,0.0,0.0,11.8,111,1.0,0.0,Hamburg,28006.48
0.0,0.0,0.0,0.0,0.0,1.0,0.0,0.0,0.0,0.0,0.0,0.0,0.0,0.0,0.0,0.0,0.0,0.0,0.0,0.0,0.0,0.0,0.0,0.0,0.0,1.0,0.0,0.0,2023,1,253893,Alto,1.0,0.0,0.0,0.0,5.6,326,1.0,0.0,Cologne,32107.66
0.0,0.0,0.0,0.0,0.0,1.0,0.0,0.0,0.0,0.0,0.0,0.0,0.0,0.0,0.0,0.0,0.0,0.0,0.0,0.0,0.0,0.0,1.0,0.0,0.0,0.0,0.0,0.0,2022,2,109627,Medio,0.0,1.0,0.0,0.0,10.7,332,1.0,0.0,Hamburg,31419.14
0.0,0.0,0.0,1.0,0.0,0.0,0.0,0.0,0.0,0.0,0.0,0.0,0.0,0.0,0.0,0.0,0.0,0.0,1.0,0.0,0.0,0.0,0.0,0.0,0.0,0.0,0.0,0.0,2009,15,258615,Alto,0.0,0.0,1.0,0.0,10.7,459,1.0,0.0,Frankfurt,20070.09
1.0,0.0,0.0,0.0,0.0,0.0,0.0,0.0,0.0,1.0,0.0,0.0,0.0,0.0,0.0,0.0,0.0,0.0,0.0,0.0,0.0,0.0,0.0,0.0,0.0,0.0,0.0,0.0,2011,13,36318,Bajo,0.0,0.0,1.0,0.0,9.3,252,0.0,1.0,Hamburg,67988.07
0.0,1.0,0.0,0.0,0.0,0.0,0.0,0.0,0.0,0.0,0.0,0.0,0.0,0.0,0.0,0.0,0.0,0.0,0.0,0.0,0.0,0.0,0.0,0.0,0.0,0.0,1.0,0.0,2018,6,103633,Medio,0.0,1.0,0.0,0.0,9.1,455,1.0,0.0,Frankfurt,30617.35
0.0,0.0,0.0,1.0,0.0,0.0,0.0,0.0,0.0,0.0,1.0,0.0,0.0,0.0,0.0,0.0,0.0,0.0,0.0,0.0,0.0,0.0,0.0,0.0,0.0,0.0,0.0,0.0,2014,10,70068,Bajo,1.0,0.0,0.0,0.0,5.0,414,0.0,1.0,Frankfurt,21186.46
0.0,0.0,1.0,0.0,0.0,0.0,0.0,0.0,0.0,0.0,0.0,1.0,0.0,0.0,0.0,0.0,0.0,0.0,0.0,0.0,0.0,0.0,0.0,0.0,0.0,0.0,0.0,0.0,2017,7,277045,Alto,0.0,0.0,1.0,0.0,10.1,197,0.0,1.0,Munich,78485.97
1.0,0.0,0.0,0.0,0.0,0.0,0.0,0.0,0.0,1.0,0.0,0.0,0.0,0.0,0.0,0.0,0.0,0.0,0.0,0.0,0.0,0.0,0.0,0.0,0.0,0.0,0.0,0.0,2009,15,99930,Bajo,1.0,0.0,0.0,0.0,8.4,346,1.0,0.0,Hamburg,27299.27
0.0,0.0,1.0,0.0,0.0,0.0,0.0,0.0,0.0,0.0,0.0,0.0,0.0,0.0,0.0,1.0,0.0,0.0,0.0,0.0,0.0,0.0,0.0,0.0,0.0,0.0,0.0,0.0,2023,1,250302,Alto,1.0,0.0,0.0,0.0,9.3,250,0.0,1.0,Hamburg,18284.62
0.0,0.0,0.0,0.0,0.0,1.0,0.0,0.0,0.0,0.0,0.0,0.0,0.0,0.0,0.0,0.0,0.0,0.0,0.0,0.0,0.0,0.0,1.0,0.0,0.0,0.0,0.0,0.0,2017,7,98249,Bajo,0.0,0.0,1.0,0.0,3.3,265,0.0,1.0,Berlin,66000.78
0.0,0.0,0.0,0.0,1.0,0.0,0.0,0.0,0.0,0.0,0.0,0.0,0.0,0.0,0.0,0.0,0.0,0.0,0.0,1.0,0.0,0.0,0.0,0.0,0.0,0.0,0.0,0.0,2019,5,13062,Bajo,0.0,1.0,0.0,0.0,11.1,239,0.0,1.0,Munich,36363.08
1.0,0.0,0.0,0.0,0.0,0.0,0.0,0.0,0.0,0.0,0.0,0.0,0.0,0.0,0.0,0.0,0.0,0.0,0.0,0.0,0.0,0.0,0.0,1.0,0.0,0.0,0.0,0.0,2015,9,34955,Bajo,0.0,0.0,1.0,0.0,3.3,415,0.0,1.0,Frankfurt,32122.6
0.0,0.0,1.0,0.0,0.0,0.0,0.0,0.0,0.0,0.0,0.0,1.0,0.0,0.0,0.0,0.0,0.0,0.0,0.0,0.0,0.0,0.0,0.0,0.0,0.0,0.0,0.0,0.0,2011,13,145393,Medio,0.0,0.0,1.0,0.0,5.1,398,0.0,1.0,Frankfurt,18075.48
0.0,0.0,1.0,0.0,0.0,0.0,0.0,0.0,0.0,0.0,0.0,0.0,0.0,0.0,1.0,0.0,0.0,0.0,0.0,0.0,0.0,0.0,0.0,0.0,0.0,0.0,0.0,0.0,2010,14,251788,Alto,0.0,1.0,0.0,0.0,3.3,433,0.0,1.0,Hamburg,63513.77
0.0,1.0,0.0,0.0,0.0,0.0,0.0,1.0,0.0,0.0,0.0,0.0,0.0,0.0,0.0,0.0,0.0,0.0,0.0,0.0,0.0,0.0,0.0,0.0,0.0,0.0,0.0,0.0,2016,8,154542,Medio,1.0,0.0,0.0,0.0,10.0,413,0.0,1.0,Cologne,70949.7
0.0,0.0,1.0,0.0,0.0,0.0,0.0,0.0,0.0,0.0,0.0,1.0,0.0,0.0,0.0,0.0,0.0,0.0,0.0,0.0,0.0,0.0,0.0,0.0,0.0,0.0,0.0,0.0,2013,11,226023,Alto,0.0,0.0,0.0,1.0,5.7,126,0.0,1.0,Frankfurt,77046.87
0.0,0.0,0.0,1.0,0.0,0.0,0.0,0.0,0.0,0.0,1.0,0.0,0.0,0.0,0.0,0.0,0.0,0.0,0.0,0.0,0.0,0.0,0.0,0.0,0.0,0.0,0.0,0.0,2022,2,22114,Bajo,1.0,0.0,0.0,0.0,3.5,455,0.0,1.0,Berlin,33445.25
0.0,0.0,0.0,0.0,0.0,1.0,0.0,0.0,0.0,0.0,0.0,0.0,0.0,0.0,0.0,0.0,0.0,0.0,0.0,0.0,0.0,0.0,1.0,0.0,0.0,0.0,0.0,0.0,2013,11,84481,Bajo,0.0,0.0,0.0,1.0,8.8,239,1.0,0.0,Frankfurt,55329.27
0.0,0.0,0.0,1.0,0.0,0.0,0.0,0.0,0.0,0.0,0.0,0.0,0.0,0.0,0.0,0.0,0.0,0.0,1.0,0.0,0.0,0.0,0.0,0.0,0.0,0.0,0.0,0.0,2018,6,196463,Medio,0.0,0.0,0.0,1.0,3.0,284,1.0,0.0,Munich,28763.73
0.0,0.0,0.0,1.0,0.0,0.0,0.0,0.0,0.0,0.0,0.0,0.0,0.0,1.0,0.0,0.0,0.0,0.0,0.0,0.0,0.0,0.0,0.0,0.0,0.0,0.0,0.0,0.0,2021,3,150855,Medio,0.0,1.0,0.0,0.0,3.8,186,1.0,0.0,Munich,54857.02
0.0,0.0,0.0,0.0,1.0,0.0,0.0,0.0,0.0,0.0,0.0,0.0,0.0,0.0,0.0,0.0,0.0,0.0,0.0,0.0,1.0,0.0,0.0,0.0,0.0,0.0,0.0,0.0,2007,17,139784,Medio,0.0,0.0,1.0,0.0,6.2,312,0.0,1.0,Berlin,48689.1
0.0,0.0,0.0,0.0,0.0,1.0,0.0,0.0,0.0,0.0,0.0,0.0,0.0,0.0,0.0,0.0,0.0,0.0,0.0,0.0,0.0,0.0,0.0,0.0,0.0,1.0,0.0,0.0,2006,18,208901,Alto,0.0,1.0,0.0,0.0,6.4,427,0.0,1.0,Cologne,31914.77
0.0,0.0,0.0,0.0,1.0,0.0,0.0,0.0,0.0,0.0,0.0,0.0,0.0,0.0,0.0,0.0,0.0,0.0,0.0,0.0,1.0,0.0,0.0,0.0,0.0,0.0,0.0,0.0,2013,11,125373,Medio,0.0,0.0,0.0,1.0,8.7,175,0.0,1.0,Munich,70278.94
0.0,0.0,1.0,0.0,0.0,0.0,0.0,0.0,0.0,0.0,0.0,0.0,0.0,0.0,1.0,0.0,0.0,0.0,0.0,0.0,0.0,0.0,0.0,0.0,0.0,0.0,0.0,0.0,2012,12,202662,Alto,0.0,0.0,0.0,1.0,11.5,417,0.0,1.0,Munich,88094.05
0.0,0.0,0.0,1.0,0.0,0.0,0.0,0.0,0.0,0.0,1.0,0.0,0.0,0.0,0.0,0.0,0.0,0.0,0.0,0.0,0.0,0.0,0.0,0.0,0.0,0.0,0.0,0.0,2005,19,15755,Bajo,1.0,0.0,0.0,0.0,10.0,277,0.0,1.0,Munich,37903.23
1.0,0.0,0.0,0.0,0.0,0.0,0.0,0.0,0.0,0.0,0.0,0.0,0.0,0.0,0.0,0.0,0.0,0.0,0.0,0.0,0.0,0.0,0.0,1.0,0.0,0.0,0.0,0.0,2007,17,191707,Medio,0.0,0.0,1.0,0.0,11.3,213,0.0,1.0,Munich,5308.85
0.0,0.0,0.0,0.0,1.0,0.0,0.0,0.0,0.0,0.0,0.0,0.0,1.0,0.0,0.0,0.0,0.0,0.0,0.0,0.0,0.0,0.0,0.0,0.0,0.0,0.0,0.0,0.0,2022,2,187271,Medio,1.0,0.0,0.0,0.0,9.2,436,0.0,1.0,Hamburg,99981.48
0.0,1.0,0.0,0.0,0.0,0.0,1.0,0.0,0.0,0.0,0.0,0.0,0.0,0.0,0.0,0.0,0.0,0.0,0.0,0.0,0.0,0.0,0.0,0.0,0.0,0.0,0.0,0.0,2009,15,173878,Medio,0.0,0.0,1.0,0.0,10.0,491,0.0,1.0,Frankfurt,77972.66
1.0,0.0,0.0,0.0,0.0,0.0,0.0,0.0,0.0,0.0,0.0,0.0,0.0,0.0,0.0,0.0,0.0,0.0,0.0,0.0,0.0,0.0,0.0,0.0,1.0,0.0,0.0,0.0,2015,9,238843,Alto,0.0,1.0,0.0,0.0,10.8,141,1.0,0.0,Hamburg,52857.43
0.0,0.0,0.0,0.0,0.0,1.0,0.0,0.0,0.0,0.0,0.0,0.0,0.0,0.0,0.0,0.0,0.0,0.0,0.0,0.0,0.0,0.0,1.0,0.0,0.0,0.0,0.0,0.0,2021,3,249429,Alto,0.0,0.0,0.0,1.0,4.6,395,0.0,1.0,Berlin,95399.43
0.0,1.0,0.0,0.0,0.0,0.0,0.0,1.0,0.0,0.0,0.0,0.0,0.0,0.0,0.0,0.0,0.0,0.0,0.0,0.0,0.0,0.0,0.0,0.0,0.0,0.0,0.0,0.0,2009,15,285497,Alto,0.0,0.0,0.0,1.0,3.0,397,1.0,0.0,Cologne,21975.86
0.0,0.0,0.0,0.0,0.0,1.0,0.0,0.0,0.0,0.0,0.0,0.0,0.0,0.0,0.0,0.0,0.0,0.0,0.0,0.0,0.0,1.0,0.0,0.0,0.0,0.0,0.0,0.0,2007,17,196208,Medio,1.0,0.0,0.0,0.0,7.4,133,0.0,1.0,Berlin,34327.76
0.0,0.0,0.0,0.0,0.0,1.0,0.0,0.0,0.0,0.0,0.0,0.0,0.0,0.0,0.0,0.0,0.0,0.0,0.0,0.0,0.0,0.0,0.0,0.0,0.0,1.0,0.0,0.0,2016,8,207105,Alto,0.0,1.0,0.0,0.0,3.3,144,1.0,0.0,Berlin,75344.81
0.0,1.0,0.0,0.0,0.0,0.0,1.0,0.0,0.0,0.0,0.0,0.0,0.0,0.0,0.0,0.0,0.0,0.0,0.0,0.0,0.0,0.0,0.0,0.0,0.0,0.0,0.0,0.0,2015,9,263448,Alto,0.0,0.0,1.0,0.0,11.4,236,0.0,1.0,Cologne,17697.4
1.0,0.0,0.0,0.0,0.0,0.0,0.0,0.0,0.0,0.0,0.0,0.0,0.0,0.0,0.0,0.0,0.0,0.0,0.0,0.0,0.0,0.0,0.0,0.0,1.0,0.0,0.0,0.0,2005,19,269970,Alto,1.0,0.0,0.0,0.0,8.0,174,1.0,0.0,Munich,62886.21
0.0,0.0,0.0,0.0,0.0,1.0,0.0,0.0,0.0,0.0,0.0,0.0,0.0,0.0,0.0,0.0,0.0,0.0,0.0,0.0,0.0,0.0,1.0,0.0,0.0,0.0,0.0,0.0,2011,13,132999,Medio,0.0,1.0,0.0,0.0,6.9,374,1.0,0.0,Hamburg,13057.16
0.0,1.0,0.0,0.0,0.0,0.0,0.0,1.0,0.0,0.0,0.0,0.0,0.0,0.0,0.0,0.0,0.0,0.0,0.0,0.0,0.0,0.0,0.0,0.0,0.0,0.0,0.0,0.0,2018,6,261788,Alto,1.0,0.0,0.0,0.0,9.6,240,1.0,0.0,Cologne,54091.03
1.0,0.0,0.0,0.0,0.0,0.0,0.0,0.0,0.0,1.0,0.0,0.0,0.0,0.0,0.0,0.0,0.0,0.0,0.0,0.0,0.0,0.0,0.0,0.0,0.0,0.0,0.0,0.0,2015,9,133649,Medio,0.0,0.0,0.0,1.0,11.4,216,1.0,0.0,Hamburg,46260.65
0.0,0.0,0.0,1.0,0.0,0.0,0.0,0.0,0.0,0.0,0.0,0.0,0.0,1.0,0.0,0.0,0.0,0.0,0.0,0.0,0.0,0.0,0.0,0.0,0.0,0.0,0.0,0.0,2017,7,120420,Medio,1.0,0.0,0.0,0.0,10.4,221,1.0,0.0,Munich,74410.39
0.0,0.0,0.0,0.0,1.0,0.0,0.0,0.0,0.0,0.0,0.0,0.0,0.0,0.0,0.0,0.0,0.0,0.0,0.0,0.0,1.0,0.0,0.0,0.0,0.0,0.0,0.0,0.0,2017,7,189981,Medio,0.0,0.0,0.0,1.0,3.0,86,1.0,0.0,Hamburg,32884.33
0.0,0.0,0.0,0.0,1.0,0.0,0.0,0.0,0.0,0.0,0.0,0.0,1.0,0.0,0.0,0.0,0.0,0.0,0.0,0.0,0.0,0.0,0.0,0.0,0.0,0.0,0.0,0.0,2006,18,231588,Alto,0.0,0.0,0.0,1.0,10.4,257,0.0,1.0,Munich,59414.36
1.0,0.0,0.0,0.0,0.0,0.0,0.0,0.0,0.0,1.0,0.0,0.0,0.0,0.0,0.0,0.0,0.0,0.0,0.0,0.0,0.0,0.0,0.0,0.0,0.0,0.0,0.0,0.0,2007,17,289146,Alto,0.0,0.0,0.0,1.0,8.6,303,1.0,0.0,Hamburg,56335.89
0.0,0.0,0.0,1.0,0.0,0.0,0.0,0.0,0.0,0.0,0.0,0.0,0.0,0.0,0.0,0.0,0.0,0.0,1.0,0.0,0.0,0.0,0.0,0.0,0.0,0.0,0.0,0.0,2023,1,226419,Alto,0.0,0.0,1.0,0.0,8.2,119,1.0,0.0,Frankfurt,21561.46
0.0,0.0,0.0,1.0,0.0,0.0,0.0,0.0,0.0,0.0,1.0,0.0,0.0,0.0,0.0,0.0,0.0,0.0,0.0,0.0,0.0,0.0,0.0,0.0,0.0,0.0,0.0,0.0,2008,16,204940,Alto,1.0,0.0,0.0,0.0,4.9,264,0.0,1.0,Berlin,22696.22
0.0,0.0,1.0,0.0,0.0,0.0,0.0,0.0,0.0,0.0,0.0,1.0,0.0,0.0,0.0,0.0,0.0,0.0,0.0,0.0,0.0,0.0,0.0,0.0,0.0,0.0,0.0,0.0,2019,5,86471,Bajo,0.0,0.0,1.0,0.0,5.8,128,0.0,1.0,Munich,19395.54
0.0,0.0,0.0,0.0,0.0,1.0,0.0,0.0,0.0,0.0,0.0,0.0,0.0,0.0,0.0,0.0,0.0,0.0,0.0,0.0,0.0,1.0,0.0,0.0,0.0,0.0,0.0,0.0,2019,5,186795,Medio,0.0,0.0,0.0,1.0,11.6,350,1.0,0.0,Munich,87546.89
0.0,0.0,0.0,0.0,0.0,1.0,0.0,0.0,0.0,0.0,0.0,0.0,0.0,0.0,0.0,0.0,0.0,0.0,0.0,0.0,0.0,1.0,0.0,0.0,0.0,0.0,0.0,0.0,2022,2,119656,Medio,0.0,0.0,0.0,1.0,6.9,431,0.0,1.0,Hamburg,57228.13
0.0,0.0,0.0,0.0,1.0,0.0,0.0,0.0,0.0,0.0,0.0,0.0,0.0,0.0,0.0,0.0,0.0,0.0,0.0,0.0,1.0,0.0,0.0,0.0,0.0,0.0,0.0,0.0,2010,14,112407,Medio,1.0,0.0,0.0,0.0,7.9,203,0.0,1.0,Cologne,24353.36
0.0,0.0,0.0,0.0,0.0,1.0,0.0,0.0,0.0,0.0,0.0,0.0,0.0,0.0,0.0,0.0,0.0,0.0,0.0,0.0,0.0,0.0,1.0,0.0,0.0,0.0,0.0,0.0,2020,4,25610,Bajo,1.0,0.0,0.0,0.0,3.1,282,1.0,0.0,Munich,36229.05
0.0,0.0,0.0,0.0,1.0,0.0,0.0,0.0,0.0,0.0,0.0,0.0,1.0,0.0,0.0,0.0,0.0,0.0,0.0,0.0,0.0,0.0,0.0,0.0,0.0,0.0,0.0,0.0,2020,4,252242,Alto,0.0,0.0,1.0,0.0,4.4,222,1.0,0.0,Berlin,16184.4
0.0,0.0,1.0,0.0,0.0,0.0,0.0,0.0,0.0,0.0,0.0,0.0,0.0,0.0,1.0,0.0,0.0,0.0,0.0,0.0,0.0,0.0,0.0,0.0,0.0,0.0,0.0,0.0,2012,12,136390,Medio,0.0,0.0,1.0,0.0,5.0,457,0.0,1.0,Berlin,19352.23
0.0,0.0,0.0,0.0,0.0,1.0,0.0,0.0,0.0,0.0,0.0,0.0,0.0,0.0,0.0,0.0,0.0,0.0,0.0,0.0,0.0,1.0,0.0,0.0,0.0,0.0,0.0,0.0,2019,5,178423,Medio,0.0,0.0,1.0,0.0,8.9,347,1.0,0.0,Berlin,67983.12
0.0,1.0,0.0,0.0,0.0,0.0,0.0,1.0,0.0,0.0,0.0,0.0,0.0,0.0,0.0,0.0,0.0,0.0,0.0,0.0,0.0,0.0,0.0,0.0,0.0,0.0,0.0,0.0,2017,7,262179,Alto,1.0,0.0,0.0,0.0,9.0,417,0.0,1.0,Frankfurt,8584.06
0.0,0.0,0.0,0.0,1.0,0.0,0.0,0.0,0.0,0.0,0.0,0.0,1.0,0.0,0.0,0.0,0.0,0.0,0.0,0.0,0.0,0.0,0.0,0.0,0.0,0.0,0.0,0.0,2009,15,24011,Bajo,1.0,0.0,0.0,0.0,11.3,369,0.0,1.0,Munich,45729.68
0.0,0.0,0.0,0.0,0.0,1.0,0.0,0.0,0.0,0.0,0.0,0.0,0.0,0.0,0.0,0.0,0.0,0.0,0.0,0.0,0.0,0.0,0.0,0.0,0.0,1.0,0.0,0.0,2017,7,33330,Bajo,0.0,1.0,0.0,0.0,4.5,118,1.0,0.0,Munich,16999.59
0.0,0.0,0.0,1.0,0.0,0.0,0.0,0.0,0.0,0.0,0.0,0.0,0.0,1.0,0.0,0.0,0.0,0.0,0.0,0.0,0.0,0.0,0.0,0.0,0.0,0.0,0.0,0.0,2009,15,24161,Bajo,0.0,0.0,1.0,0.0,10.1,276,1.0,0.0,Frankfurt,27817.14
0.0,0.0,1.0,0.0,0.0,0.0,0.0,0.0,0.0,0.0,0.0,1.0,0.0,0.0,0.0,0.0,0.0,0.0,0.0,0.0,0.0,0.0,0.0,0.0,0.0,0.0,0.0,0.0,2023,1,80174,Bajo,0.0,0.0,0.0,1.0,5.2,299,0.0,1.0,Berlin,17635.59
0.0,0.0,0.0,1.0,0.0,0.0,0.0,0.0,0.0,0.0,1.0,0.0,0.0,0.0,0.0,0.0,0.0,0.0,0.0,0.0,0.0,0.0,0.0,0.0,0.0,0.0,0.0,0.0,2023,1,43262,Bajo,0.0,0.0,1.0,0.0,10.6,77,0.0,1.0,Frankfurt,93684.23
0.0,0.0,1.0,0.0,0.0,0.0,0.0,0.0,0.0,0.0,0.0,1.0,0.0,0.0,0.0,0.0,0.0,0.0,0.0,0.0,0.0,0.0,0.0,0.0,0.0,0.0,0.0,0.0,2006,18,243384,Alto,0.0,0.0,0.0,1.0,5.3,466,0.0,1.0,Berlin,45660.41
1.0,0.0,0.0,0.0,0.0,0.0,0.0,0.0,0.0,0.0,0.0,0.0,0.0,0.0,0.0,0.0,0.0,0.0,0.0,0.0,0.0,0.0,0.0,1.0,0.0,0.0,0.0,0.0,2005,19,84171,Bajo,1.0,0.0,0.0,0.0,8.3,80,0.0,1.0,Frankfurt,98550.59
0.0,0.0,0.0,1.0,0.0,0.0,0.0,0.0,0.0,0.0,0.0,0.0,0.0,0.0,0.0,0.0,0.0,0.0,1.0,0.0,0.0,0.0,0.0,0.0,0.0,0.0,0.0,0.0,2017,7,48877,Bajo,1.0,0.0,0.0,0.0,8.3,113,1.0,0.0,Munich,15289.92
0.0,0.0,0.0,0.0,1.0,0.0,0.0,0.0,0.0,0.0,0.0,0.0,0.0,0.0,0.0,0.0,0.0,0.0,0.0,1.0,0.0,0.0,0.0,0.0,0.0,0.0,0.0,0.0,2007,17,102472,Medio,0.0,0.0,0.0,1.0,6.7,481,0.0,1.0,Frankfurt,92458.9
0.0,0.0,0.0,0.0,0.0,1.0,0.0,0.0,0.0,0.0,0.0,0.0,0.0,0.0,0.0,0.0,0.0,0.0,0.0,0.0,0.0,0.0,0.0,0.0,0.0,1.0,0.0,0.0,2018,6,288059,Alto,0.0,0.0,1.0,0.0,10.0,322,1.0,0.0,Munich,85375.56
0.0,0.0,1.0,0.0,0.0,0.0,0.0,0.0,0.0,0.0,0.0,0.0,0.0,0.0,1.0,0.0,0.0,0.0,0.0,0.0,0.0,0.0,0.0,0.0,0.0,0.0,0.0,0.0,2012,12,21794,Bajo,0.0,0.0,1.0,0.0,7.6,127,1.0,0.0,Cologne,72316.11
0.0,1.0,0.0,0.0,0.0,0.0,0.0,0.0,0.0,0.0,0.0,0.0,0.0,0.0,0.0,0.0,0.0,0.0,0.0,0.0,0.0,0.0,0.0,0.0,0.0,0.0,1.0,0.0,2005,19,265336,Alto,0.0,1.0,0.0,0.0,11.0,473,1.0,0.0,Frankfurt,44997.49
0.0,0.0,1.0,0.0,0.0,0.0,0.0,0.0,0.0,0.0,0.0,1.0,0.0,0.0,0.0,0.0,0.0,0.0,0.0,0.0,0.0,0.0,0.0,0.0,0.0,0.0,0.0,0.0,2010,14,222970,Alto,1.0,0.0,0.0,0.0,3.6,75,1.0,0.0,Frankfurt,83933.35
0.0,0.0,0.0,1.0,0.0,0.0,0.0,0.0,0.0,0.0,0.0,0.0,0.0,0.0,0.0,0.0,0.0,0.0,1.0,0.0,0.0,0.0,0.0,0.0,0.0,0.0,0.0,0.0,2019,5,196387,Medio,0.0,0.0,1.0,0.0,11.0,466,0.0,1.0,Munich,35623.18
0.0,0.0,0.0,0.0,0.0,1.0,0.0,0.0,0.0,0.0,0.0,0.0,0.0,0.0,0.0,0.0,0.0,1.0,0.0,0.0,0.0,0.0,0.0,0.0,0.0,0.0,0.0,0.0,2021,3,127125,Medio,0.0,0.0,0.0,1.0,7.9,287,0.0,1.0,Hamburg,91834.03
1.0,0.0,0.0,0.0,0.0,0.0,0.0,0.0,0.0,1.0,0.0,0.0,0.0,0.0,0.0,0.0,0.0,0.0,0.0,0.0,0.0,0.0,0.0,0.0,0.0,0.0,0.0,0.0,2014,10,61668,Bajo,1.0,0.0,0.0,0.0,11.2,99,0.0,1.0,Berlin,90810.25
0.0,0.0,0.0,1.0,0.0,0.0,0.0,0.0,0.0,0.0,0.0,0.0,0.0,1.0,0.0,0.0,0.0,0.0,0.0,0.0,0.0,0.0,0.0,0.0,0.0,0.0,0.0,0.0,2018,6,59288,Bajo,1.0,0.0,0.0,0.0,4.6,432,0.0,1.0,Hamburg,85858.3
0.0,0.0,0.0,1.0,0.0,0.0,0.0,0.0,0.0,0.0,0.0,0.0,0.0,1.0,0.0,0.0,0.0,0.0,0.0,0.0,0.0,0.0,0.0,0.0,0.0,0.0,0.0,0.0,2014,10,205374,Alto,0.0,0.0,1.0,0.0,9.8,220,0.0,1.0,Cologne,24497.99
1.0,0.0,0.0,0.0,0.0,0.0,0.0,0.0,0.0,0.0,0.0,0.0,0.0,0.0,0.0,0.0,0.0,0.0,0.0,0.0,0.0,0.0,0.0,0.0,1.0,0.0,0.0,0.0,2012,12,95057,Bajo,0.0,0.0,0.0,1.0,9.0,391,1.0,0.0,Hamburg,97089.04
0.0,0.0,1.0,0.0,0.0,0.0,0.0,0.0,0.0,0.0,0.0,0.0,0.0,0.0,1.0,0.0,0.0,0.0,0.0,0.0,0.0,0.0,0.0,0.0,0.0,0.0,0.0,0.0,2010,14,27992,Bajo,0.0,0.0,1.0,0.0,8.5,360,0.0,1.0,Cologne,46061.59
1.0,0.0,0.0,0.0,0.0,0.0,0.0,0.0,0.0,0.0,0.0,0.0,0.0,0.0,0.0,0.0,0.0,0.0,0.0,0.0,0.0,0.0,0.0,1.0,0.0,0.0,0.0,0.0,2005,19,247093,Alto,0.0,0.0,1.0,0.0,6.9,445,0.0,1.0,Berlin,57365.41
1.0,0.0,0.0,0.0,0.0,0.0,0.0,0.0,1.0,0.0,0.0,0.0,0.0,0.0,0.0,0.0,0.0,0.0,0.0,0.0,0.0,0.0,0.0,0.0,0.0,0.0,0.0,0.0,2008,16,39852,Bajo,0.0,0.0,0.0,1.0,7.1,440,1.0,0.0,Frankfurt,7316.45
0.0,0.0,1.0,0.0,0.0,0.0,0.0,0.0,0.0,0.0,0.0,0.0,0.0,0.0,0.0,0.0,1.0,0.0,0.0,0.0,0.0,0.0,0.0,0.0,0.0,0.0,0.0,0.0,2019,5,65055,Bajo,1.0,0.0,0.0,0.0,4.1,75,0.0,1.0,Berlin,55839.6
0.0,0.0,0.0,1.0,0.0,0.0,0.0,0.0,0.0,0.0,0.0,0.0,0.0,0.0,0.0,0.0,0.0,0.0,1.0,0.0,0.0,0.0,0.0,0.0,0.0,0.0,0.0,0.0,2005,19,293862,Alto,0.0,1.0,0.0,0.0,3.0,468,1.0,0.0,Berlin,81309.72
0.0,0.0,0.0,1.0,0.0,0.0,0.0,0.0,0.0,0.0,1.0,0.0,0.0,0.0,0.0,0.0,0.0,0.0,0.0,0.0,0.0,0.0,0.0,0.0,0.0,0.0,0.0,0.0,2006,18,251958,Alto,0.0,1.0,0.0,0.0,11.3,371,1.0,0.0,Hamburg,34330.31
0.0,0.0,0.0,0.0,1.0,0.0,0.0,0.0,0.0,0.0,0.0,0.0,0.0,0.0,0.0,0.0,0.0,0.0,0.0,1.0,0.0,0.0,0.0,0.0,0.0,0.0,0.0,0.0,2016,8,176803,Medio,0.0,0.0,1.0,0.0,9.0,236,1.0,0.0,Berlin,52065.96
0.0,0.0,0.0,0.0,0.0,1.0,0.0,0.0,0.0,0.0,0.0,0.0,0.0,0.0,0.0,0.0,0.0,0.0,0.0,0.0,0.0,1.0,0.0,0.0,0.0,0.0,0.0,0.0,2009,15,100141,Medio,0.0,0.0,1.0,0.0,3.7,273,0.0,1.0,Munich,8040.74
0.0,0.0,0.0,1.0,0.0,0.0,0.0,0.0,0.0,0.0,1.0,0.0,0.0,0.0,0.0,0.0,0.0,0.0,0.0,0.0,0.0,0.0,0.0,0.0,0.0,0.0,0.0,0.0,2018,6,131142,Medio,0.0,0.0,0.0,1.0,4.7,199,0.0,1.0,Frankfurt,63171.82
0.0,0.0,0.0,0.0,1.0,0.0,0.0,0.0,0.0,0.0,0.0,0.0,0.0,0.0,0.0,0.0,0.0,0.0,0.0,1.0,0.0,0.0,0.0,0.0,0.0,0.0,0.0,0.0,2010,14,199768,Medio,1.0,0.0,0.0,0.0,9.7,73,1.0,0.0,Munich,52254.3
0.0,0.0,0.0,0.0,1.0,0.0,0.0,0.0,0.0,0.0,0.0,0.0,0.0,0.0,0.0,0.0,0.0,0.0,0.0,1.0,0.0,0.0,0.0,0.0,0.0,0.0,0.0,0.0,2012,12,199987,Medio,0.0,0.0,0.0,1.0,6.4,360,0.0,1.0,Berlin,90205.23
0.0,0.0,1.0,0.0,0.0,0.0,0.0,0.0,0.0,0.0,0.0,1.0,0.0,0.0,0.0,0.0,0.0,0.0,0.0,0.0,0.0,0.0,0.0,0.0,0.0,0.0,0.0,0.0,2014,10,97763,Bajo,1.0,0.0,0.0,0.0,6.6,148,0.0,1.0,Munich,22432.76
0.0,1.0,0.0,0.0,0.0,0.0,0.0,0.0,0.0,0.0,0.0,0.0,0.0,0.0,0.0,0.0,0.0,0.0,0.0,0.0,0.0,0.0,0.0,0.0,0.0,0.0,0.0,1.0,2014,10,223187,Alto,0.0,0.0,0.0,1.0,9.0,130,1.0,0.0,Berlin,45820.54
0.0,0.0,1.0,0.0,0.0,0.0,0.0,0.0,0.0,0.0,0.0,0.0,0.0,0.0,0.0,0.0,1.0,0.0,0.0,0.0,0.0,0.0,0.0,0.0,0.0,0.0,0.0,0.0,2020,4,93122,Bajo,0.0,0.0,0.0,1.0,11.5,316,0.0,1.0,Frankfurt,13874.19
0.0,1.0,0.0,0.0,0.0,0.0,0.0,0.0,0.0,0.0,0.0,0.0,0.0,0.0,0.0,0.0,0.0,0.0,0.0,0.0,0.0,0.0,0.0,0.0,0.0,0.0,0.0,1.0,2017,7,281402,Alto,0.0,0.0,0.0,1.0,10.9,131,0.0,1.0,Hamburg,94026.33
0.0,0.0,1.0,0.0,0.0,0.0,0.0,0.0,0.0,0.0,0.0,1.0,0.0,0.0,0.0,0.0,0.0,0.0,0.0,0.0,0.0,0.0,0.0,0.0,0.0,0.0,0.0,0.0,2023,1,120975,Medio,1.0,0.0,0.0,0.0,6.4,270,0.0,1.0,Hamburg,98094.28
0.0,0.0,1.0,0.0,0.0,0.0,0.0,0.0,0.0,0.0,0.0,0.0,0.0,0.0,0.0,0.0,1.0,0.0,0.0,0.0,0.0,0.0,0.0,0.0,0.0,0.0,0.0,0.0,2021,3,120512,Medio,0.0,0.0,1.0,0.0,4.6,202,0.0,1.0,Berlin,66778.06
0.0,1.0,0.0,0.0,0.0,0.0,0.0,0.0,0.0,0.0,0.0,0.0,0.0,0.0,0.0,0.0,0.0,0.0,0.0,0.0,0.0,0.0,0.0,0.0,0.0,0.0,1.0,0.0,2020,4,52270,Bajo,0.0,0.0,0.0,1.0,9.7,219,0.0,1.0,Berlin,20518.97
0.0,0.0,0.0,0.0,1.0,0.0,0.0,0.0,0.0,0.0,0.0,0.0,1.0,0.0,0.0,0.0,0.0,0.0,0.0,0.0,0.0,0.0,0.0,0.0,0.0,0.0,0.0,0.0,2011,13,274147,Alto,0.0,0.0,1.0,0.0,6.7,281,0.0,1.0,Frankfurt,71395.31
0.0,0.0,0.0,0.0,0.0,1.0,0.0,0.0,0.0,0.0,0.0,0.0,0.0,0.0,0.0,0.0,0.0,0.0,0.0,0.0,0.0,0.0,0.0,0.0,0.0,1.0,0.0,0.0,2018,6,113281,Medio,1.0,0.0,0.0,0.0,3.2,441,0.0,1.0,Hamburg,82973.37
0.0,0.0,0.0,1.0,0.0,0.0,0.0,0.0,0.0,0.0,0.0,0.0,0.0,0.0,0.0,0.0,0.0,0.0,1.0,0.0,0.0,0.0,0.0,0.0,0.0,0.0,0.0,0.0,2019,5,49148,Bajo,0.0,0.0,1.0,0.0,6.7,436,1.0,0.0,Munich,21077.79
0.0,0.0,0.0,0.0,0.0,1.0,0.0,0.0,0.0,0.0,0.0,0.0,0.0,0.0,0.0,0.0,0.0,0.0,0.0,0.0,0.0,0.0,0.0,0.0,0.0,1.0,0.0,0.0,2009,15,211299,Alto,1.0,0.0,0.0,0.0,8.9,310,1.0,0.0,Hamburg,78932.12
0.0,0.0,0.0,1.0,0.0,0.0,0.0,0.0,0.0,0.0,0.0,0.0,0.0,1.0,0.0,0.0,0.0,0.0,0.0,0.0,0.0,0.0,0.0,0.0,0.0,0.0,0.0,0.0,2006,18,132322,Medio,1.0,0.0,0.0,0.0,6.6,402,0.0,1.0,Berlin,18449.46
0.0,0.0,0.0,0.0,1.0,0.0,0.0,0.0,0.0,0.0,0.0,0.0,0.0,0.0,0.0,0.0,0.0,0.0,0.0,1.0,0.0,0.0,0.0,0.0,0.0,0.0,0.0,0.0,2019,5,100449,Medio,0.0,0.0,1.0,0.0,3.3,85,1.0,0.0,Berlin,38485.63
0.0,0.0,0.0,0.0,0.0,1.0,0.0,0.0,0.0,0.0,0.0,0.0,0.0,0.0,0.0,0.0,0.0,1.0,0.0,0.0,0.0,0.0,0.0,0.0,0.0,0.0,0.0,0.0,2016,8,29803,Bajo,0.0,0.0,0.0,1.0,9.1,256,0.0,1.0,Berlin,89027.02
0.0,0.0,0.0,0.0,0.0,1.0,0.0,0.0,0.0,0.0,0.0,0.0,0.0,0.0,0.0,0.0,0.0,1.0,0.0,0.0,0.0,0.0,0.0,0.0,0.0,0.0,0.0,0.0,2013,11,276744,Alto,0.0,0.0,0.0,1.0,11.7,207,0.0,1.0,Munich,86823.6
0.0,0.0,0.0,1.0,0.0,0.0,0.0,0.0,0.0,0.0,1.0,0.0,0.0,0.0,0.0,0.0,0.0,0.0,0.0,0.0,0.0,0.0,0.0,0.0,0.0,0.0,0.0,0.0,2022,2,11410,Bajo,0.0,0.0,1.0,0.0,7.2,265,0.0,1.0,Munich,34550.45
0.0,0.0,1.0,0.0,0.0,0.0,0.0,0.0,0.0,0.0,0.0,0.0,0.0,0.0,0.0,0.0,1.0,0.0,0.0,0.0,0.0,0.0,0.0,0.0,0.0,0.0,0.0,0.0,2021,3,229458,Alto,0.0,0.0,0.0,1.0,6.7,138,0.0,1.0,Cologne,84807.83
0.0,0.0,0.0,1.0,0.0,0.0,0.0,0.0,0.0,0.0,1.0,0.0,0.0,0.0,0.0,0.0,0.0,0.0,0.0,0.0,0.0,0.0,0.0,0.0,0.0,0.0,0.0,0.0,2011,13,61103,Bajo,0.0,0.0,0.0,1.0,4.2,170,1.0,0.0,Frankfurt,72689.48
0.0,1.0,0.0,0.0,0.0,0.0,0.0,1.0,0.0,0.0,0.0,0.0,0.0,0.0,0.0,0.0,0.0,0.0,0.0,0.0,0.0,0.0,0.0,0.0,0.0,0.0,0.0,0.0,2015,9,188253,Medio,0.0,0.0,1.0,0.0,10.5,259,0.0,1.0,Munich,66601.94
0.0,0.0,0.0,0.0,0.0,1.0,0.0,0.0,0.0,0.0,0.0,0.0,0.0,0.0,0.0,0.0,0.0,0.0,0.0,0.0,0.0,1.0,0.0,0.0,0.0,0.0,0.0,0.0,2005,19,189689,Medio,0.0,1.0,0.0,0.0,9.8,182,1.0,0.0,Munich,9096.78
0.0,0.0,0.0,1.0,0.0,0.0,0.0,0.0,0.0,0.0,1.0,0.0,0.0,0.0,0.0,0.0,0.0,0.0,0.0,0.0,0.0,0.0,0.0,0.0,0.0,0.0,0.0,0.0,2019,5,31553,Bajo,1.0,0.0,0.0,0.0,10.3,405,1.0,0.0,Cologne,75311.65
0.0,0.0,0.0,0.0,0.0,1.0,0.0,0.0,0.0,0.0,0.0,0.0,0.0,0.0,0.0,0.0,0.0,1.0,0.0,0.0,0.0,0.0,0.0,0.0,0.0,0.0,0.0,0.0,2018,6,81304,Bajo,0.0,1.0,0.0,0.0,11.4,79,1.0,0.0,Cologne,92833.4
0.0,0.0,1.0,0.0,0.0,0.0,0.0,0.0,0.0,0.0,0.0,0.0,0.0,0.0,1.0,0.0,0.0,0.0,0.0,0.0,0.0,0.0,0.0,0.0,0.0,0.0,0.0,0.0,2023,1,277075,Alto,0.0,0.0,1.0,0.0,5.7,203,1.0,0.0,Cologne,19228.88
0.0,0.0,0.0,1.0,0.0,0.0,0.0,0.0,0.0,0.0,1.0,0.0,0.0,0.0,0.0,0.0,0.0,0.0,0.0,0.0,0.0,0.0,0.0,0.0,0.0,0.0,0.0,0.0,2008,16,235759,Alto,0.0,0.0,0.0,1.0,7.9,329,0.0,1.0,Munich,90857.17
0.0,0.0,1.0,0.0,0.0,0.0,0.0,0.0,0.0,0.0,0.0,0.0,0.0,0.0,0.0,0.0,1.0,0.0,0.0,0.0,0.0,0.0,0.0,0.0,0.0,0.0,0.0,0.0,2018,6,129767,Medio,0.0,1.0,0.0,0.0,3.6,93,1.0,0.0,Hamburg,87604.04
0.0,0.0,1.0,0.0,0.0,0.0,0.0,0.0,0.0,0.0,0.0,1.0,0.0,0.0,0.0,0.0,0.0,0.0,0.0,0.0,0.0,0.0,0.0,0.0,0.0,0.0,0.0,0.0,2020,4,138376,Medio,0.0,0.0,1.0,0.0,9.8,252,0.0,1.0,Frankfurt,20067.42
0.0,0.0,0.0,0.0,1.0,0.0,0.0,0.0,0.0,0.0,0.0,0.0,0.0,0.0,0.0,0.0,0.0,0.0,0.0,1.0,0.0,0.0,0.0,0.0,0.0,0.0,0.0,0.0,2023,1,232351,Alto,0.0,0.0,0.0,1.0,4.0,146,0.0,1.0,Frankfurt,6156.59
0.0,0.0,0.0,1.0,0.0,0.0,0.0,0.0,0.0,0.0,0.0,0.0,0.0,1.0,0.0,0.0,0.0,0.0,0.0,0.0,0.0,0.0,0.0,0.0,0.0,0.0,0.0,0.0,2020,4,110136,Medio,0.0,0.0,1.0,0.0,8.3,367,0.0,1.0,Berlin,37362.3
0.0,0.0,0.0,0.0,1.0,0.0,0.0,0.0,0.0,0.0,0.0,0.0,1.0,0.0,0.0,0.0,0.0,0.0,0.0,0.0,0.0,0.0,0.0,0.0,0.0,0.0,0.0,0.0,2017,7,126231,Medio,1.0,0.0,0.0,0.0,4.4,305,1.0,0.0,Cologne,83973.22
1.0,0.0,0.0,0.0,0.0,0.0,0.0,0.0,0.0,0.0,0.0,0.0,0.0,0.0,0.0,0.0,0.0,0.0,0.0,0.0,0.0,0.0,0.0,0.0,1.0,0.0,0.0,0.0,2019,5,173925,Medio,0.0,0.0,0.0,1.0,8.1,183,1.0,0.0,Frankfurt,73097.14
0.0,1.0,0.0,0.0,0.0,0.0,0.0,0.0,0.0,0.0,0.0,0.0,0.0,0.0,0.0,0.0,0.0,0.0,0.0,0.0,0.0,0.0,0.0,0.0,0.0,0.0,0.0,1.0,2012,12,189358,Medio,0.0,0.0,0.0,1.0,9.0,79,0.0,1.0,Berlin,22190.79
0.0,0.0,1.0,0.0,0.0,0.0,0.0,0.0,0.0,0.0,0.0,1.0,0.0,0.0,0.0,0.0,0.0,0.0,0.0,0.0,0.0,0.0,0.0,0.0,0.0,0.0,0.0,0.0,2019,5,290152,Alto,0.0,1.0,0.0,0.0,10.4,362,0.0,1.0,Berlin,52927.62
0.0,0.0,0.0,0.0,0.0,1.0,0.0,0.0,0.0,0.0,0.0,0.0,0.0,0.0,0.0,0.0,0.0,0.0,0.0,0.0,0.0,0.0,0.0,0.0,0.0,1.0,0.0,0.0,2010,14,72376,Bajo,0.0,0.0,0.0,1.0,10.5,452,1.0,0.0,Munich,71168.65
0.0,0.0,1.0,0.0,0.0,0.0,0.0,0.0,0.0,0.0,0.0,0.0,0.0,0.0,0.0,0.0,1.0,0.0,0.0,0.0,0.0,0.0,0.0,0.0,0.0,0.0,0.0,0.0,2015,9,240288,Alto,0.0,0.0,1.0,0.0,11.8,446,0.0,1.0,Cologne,5869.74
0.0,0.0,0.0,0.0,0.0,1.0,0.0,0.0,0.0,0.0,0.0,0.0,0.0,0.0,0.0,0.0,0.0,0.0,0.0,0.0,0.0,1.0,0.0,0.0,0.0,0.0,0.0,0.0,2012,12,6150,Bajo,0.0,0.0,1.0,0.0,10.6,471,0.0,1.0,Berlin,71462.4
0.0,1.0,0.0,0.0,0.0,0.0,1.0,0.0,0.0,0.0,0.0,0.0,0.0,0.0,0.0,0.0,0.0,0.0,0.0,0.0,0.0,0.0,0.0,0.0,0.0,0.0,0.0,0.0,2012,12,250743,Alto,0.0,0.0,1.0,0.0,8.7,447,1.0,0.0,Berlin,86231.52
0.0,0.0,1.0,0.0,0.0,0.0,0.0,0.0,0.0,0.0,0.0,0.0,0.0,0.0,1.0,0.0,0.0,0.0,0.0,0.0,0.0,0.0,0.0,0.0,0.0,0.0,0.0,0.0,2018,6,252193,Alto,0.0,0.0,1.0,0.0,6.9,374,0.0,1.0,Berlin,98251.37
0.0,0.0,0.0,0.0,1.0,0.0,0.0,0.0,0.0,0.0,0.0,0.0,0.0,0.0,0.0,0.0,0.0,0.0,0.0,0.0,1.0,0.0,0.0,0.0,0.0,0.0,0.0,0.0,2014,10,293538,Alto,0.0,0.0,0.0,1.0,10.6,378,0.0,1.0,Cologne,12729.33
0.0,0.0,0.0,0.0,0.0,1.0,0.0,0.0,0.0,0.0,0.0,0.0,0.0,0.0,0.0,0.0,0.0,0.0,0.0,0.0,0.0,0.0,0.0,0.0,0.0,1.0,0.0,0.0,2022,2,116092,Medio,0.0,0.0,0.0,1.0,8.0,76,0.0,1.0,Munich,88718.55
0.0,0.0,1.0,0.0,0.0,0.0,0.0,0.0,0.0,0.0,0.0,0.0,0.0,0.0,0.0,1.0,0.0,0.0,0.0,0.0,0.0,0.0,0.0,0.0,0.0,0.0,0.0,0.0,2018,6,107863,Medio,0.0,1.0,0.0,0.0,9.8,284,1.0,0.0,Frankfurt,28997.99
1.0,0.0,0.0,0.0,0.0,0.0,0.0,0.0,0.0,0.0,0.0,0.0,0.0,0.0,0.0,0.0,0.0,0.0,0.0,0.0,0.0,0.0,0.0,0.0,1.0,0.0,0.0,0.0,2022,2,236821,Alto,0.0,1.0,0.0,0.0,9.5,98,0.0,1.0,Cologne,37530.18
0.0,0.0,0.0,0.0,1.0,0.0,0.0,0.0,0.0,0.0,0.0,0.0,0.0,0.0,0.0,0.0,0.0,0.0,0.0,1.0,0.0,0.0,0.0,0.0,0.0,0.0,0.0,0.0,2014,10,81406,Bajo,0.0,0.0,1.0,0.0,11.3,330,0.0,1.0,Frankfurt,37858.01
0.0,0.0,0.0,0.0,1.0,0.0,0.0,0.0,0.0,0.0,0.0,0.0,0.0,0.0,0.0,0.0,0.0,0.0,0.0,0.0,1.0,0.0,0.0,0.0,0.0,0.0,0.0,0.0,2018,6,276428,Alto,0.0,0.0,1.0,0.0,6.8,228,0.0,1.0,Hamburg,76041.75
